Season,Team1,Team2,Team1_win,eFG_T1,TOV_Pct_T1,ORB_Pct_T1,FTR_T1,Win_T1,eFG_T2,TOV_Pct_T2,ORB_Pct_T2,FTR_T2,Win_T2,eFG_diff,TOV_Pct_diff,ORB_Pct_diff,FTR_diff,Win_diff,Pred,brier_score_2023,winning_brier_score,brier_score_per_game
2023,1280,1338,0,0.4707496294977663,0.1560722701590061,0.34791032863064114,0.22901479036309746,0.6363636363636364,0.5335934713867378,0.13829248917448894,0.2763890078445421,0.24900295133095396,0.6666666666666666,-0.06284384188897157,0.017779780984517157,0.07152132078609902,-0.019988160967856494,-0.030303030303030276,0.3342481041122714,0.21653,0.17371,0.11172
2023,1369,1394,0,0.5010062699508133,0.1493832791224057,0.22386646297400759,0.281979662577964,0.5151515151515151,0.5155887437924902,0.1512824375014087,0.3037066630908726,0.28298274823421904,0.6551724137931034,-0.01458247384167688,-0.0018991583790030075,-0.07984020011686499,-0.001003085656255065,-0.1400208986415883,0.2647405410294005,0.21653,0.17371,0.07009
2023,1113,1305,1,0.48144094780050645,0.14392921449730198,0.26850413877083357,0.22017589774220966,0.6470588235294118,0.5072484044513823,0.13605473994745113,0.20273399774186313,0.3227769866439913,0.6774193548387096,-0.02580745665087586,0.007874474549850852,0.06577014102897044,-0.10260108890178163,-0.030360531309297834,0.4269530710857286,0.21653,0.17371,0.32838
2023,1192,1411,1,0.5173837740930686,0.138486005684377,0.29541211337323797,0.21365557200637825,0.53125,0.4632742082230538,0.17059492506790963,0.27427430392784147,0.23409503952398955,0.375,0.05410956587001475,-0.032108919383532636,0.021137809445396505,-0.020439467517611304,0.15625,0.7361318724229194,0.21653,0.17371,0.06963
2023,1104,1394,1,0.5287603094615866,0.15770250311896997,0.31852227672305555,0.2751334131919097,0.8529411764705882,0.5155887437924902,0.1512824375014087,0.3037066630908726,0.28298274823421904,0.6551724137931034,0.013171565669096386,0.006420065617561255,0.014815613632182978,-0.007849335042309336,0.19776876267748478,0.49577761507046303,0.21653,0.17371,0.25424
2023,1116,1228,1,0.5220863982248218,0.15886355583829928,0.29155947859558107,0.27063131329645435,0.6060606060606061,0.5169269010861934,0.1539529818252005,0.31468172071902833,0.23069203975693764,0.625,0.005159497138628399,0.004910574013098773,-0.023122242123447267,0.039939273539516706,-0.018939393939393923,0.40485508935729836,0.21653,0.17371,0.3542
2023,1120,1234,1,0.4954319925695506,0.14897946607940246,0.3095921051324252,0.25500490598514447,0.625,0.5213505896532342,0.11884054626868827,0.29881363675241995,0.24551153264033052,0.59375,-0.025918597083683603,0.03013891981071419,0.010778468380005235,0.009493373344813955,0.03125,0.2948065726023108,0.21653,0.17371,0.4973
2023,1181,1331,1,0.5126461030808127,0.1487992823812348,0.34803437645284685,0.24013728571851464,0.7647058823529411,0.5623982692189741,0.11265002324717636,0.22434050746455683,0.20004086962170395,0.8666666666666667,-0.04975216613816136,0.036149259134058434,0.12369386898829002,0.040096416096810694,-0.10196078431372557,0.4048351844358658,0.21653,0.17371,0.35422
2023,1202,1438,1,0.5582988614469196,0.13581407634492343,0.28748893655587743,0.2621496349555642,0.7741935483870968,0.5142861756958373,0.1162153012964755,0.2358682136186829,0.25073744270721365,0.78125,0.0440126857510823,0.019598775048447925,0.051620722937194524,0.01141219224835055,-0.007056451612903247,0.5827277827352353,0.21653,0.17371,0.17412
2023,1222,1297,1,0.5267960243443384,0.12258851198808914,0.36686440123034947,0.2088589383503363,0.9117647058823529,0.502064379344295,0.14281061120949892,0.29741918075193463,0.19536941390859305,0.625,0.024731645000043323,-0.020222099221409787,0.06944522047841484,0.013489524441743256,0.2867647058823529,0.7286751455131364,0.21653,0.17371,0.07362
2023,1224,1242,0,0.5224557133396719,0.1936011938902962,0.315515291358792,0.24154113069384836,0.6129032258064516,0.5239541167603953,0.1530159331376911,0.26834644937506574,0.21956256728782927,0.7941176470588235,-0.001498403420723382,0.0405852607526051,0.047168841983726284,0.021978563406019086,-0.18121442125237186,0.36266955917586996,0.21653,0.17371,0.13153
2023,1268,1452,1,0.5160498106746383,0.13604673605573298,0.2920633444882875,0.25382500217144227,0.6363636363636364,0.5173656112229932,0.15411860377107278,0.3168937076397967,0.2976208206686438,0.5757575757575758,-0.0013158005483548951,-0.018071867715339807,-0.02483036315150916,-0.043795818497201544,0.06060606060606055,0.4506564186799436,0.21653,0.17371,0.30178
2023,1281,1429,1,0.5523020988516147,0.13624657871397605,0.2546171389906926,0.22904189025301971,0.7272727272727273,0.5564975300513221,0.1527605594384563,0.25641074100445577,0.2789019092144033,0.7575757575757576,-0.0041954311997073335,-0.016513980724480237,-0.0017936020137631625,-0.04986001896138356,-0.030303030303030276,0.46897345831746245,0.21653,0.17371,0.28199
2023,1129,1321,0,0.5213396338444818,0.14303424088859434,0.24910985898049093,0.23261426165753926,0.71875,0.4730087288017819,0.12185931613349753,0.265286149886036,0.22692138537038048,0.65625,0.04833090504269988,0.021174924755096816,-0.016176290905545065,0.005692876287158782,0.0625,0.46705678937610023,0.21653,0.17371,0.21814
2023,1336,1401,1,0.5552000743273382,0.11964252154779687,0.17184275980851085,0.15813928361457,0.6285714285714286,0.4956250443158487,0.15321444693794695,0.3561538262503404,0.36164214687468854,0.7352941176470589,0.059575030011489505,-0.03357192539015008,-0.18431106644182957,-0.20350286326011854,-0.10672268907563032,0.31355939965176477,0.21653,0.17371,0.4712
2023,1112,1343,0,0.569707535129809,0.15935943494965488,0.28872637196843315,0.2651307822518867,0.8235294117647058,0.5271714510665678,0.14392427270991257,0.2640541767959713,0.2322458890615577,0.7037037037037037,0.042536084063241164,0.015435162239742312,0.02467219517246183,0.032884893190329,0.11982570806100212,0.5643789258372527,0.21653,0.17371,0.31852
2023,1158,1361,0,0.5138592947932147,0.13949350067277017,0.3402948183567361,0.25087205181322325,0.9090909090909091,0.5032932912410035,0.14241673637077956,0.30552900151728235,0.2546964595101349,0.8125,0.010566003552211156,-0.0029232356980093965,0.034765816839453734,-0.003824407696911669,0.09659090909090906,0.5530196718745308,0.21653,0.17371,0.30583
2023,1397,1418,1,0.5071841296200618,0.14543450482709228,0.3673939067553692,0.2255212460425338,0.696969696969697,0.5345810419065217,0.14939782019635264,0.3169483212592195,0.25637017578140375,0.7666666666666667,-0.027396912286459907,-0.003963315369260367,0.05044558549614969,-0.030848929738869962,-0.0696969696969697,0.45911674682661846,0.21653,0.17371,0.29255
2023,1159,1400,0,0.5864149101297877,0.13054578788323234,0.2247866289288734,0.18416757160168332,0.7575757575757576,0.5272015076344461,0.13888499625159967,0.2690578281788591,0.2449088562826041,0.7647058823529411,0.05921340249534168,-0.008339208368367323,-0.04427119924998568,-0.06074128468092077,-0.007130124777183555,0.5270678593787066,0.21653,0.17371,0.2778
2023,1417,1421,1,0.510082798213698,0.12110875431562372,0.3159454771243091,0.20038112682427392,0.8529411764705882,0.5403567367625902,0.17163798261202673,0.2346855131328403,0.29095751945484133,0.78125,-0.030273938548892265,-0.05052922829640301,0.08125996399146879,-0.09057639263056741,0.0716911764705882,0.6732818123441263,0.21653,0.17371,0.10674
2023,1124,1364,1,0.5306447870380798,0.15144032905870067,0.3198815215119015,0.27992566094885696,0.6875,0.5428895308287572,0.1427068777135061,0.2422403993454268,0.264680009424326,0.78125,-0.012244743790677415,0.00873345134519457,0.07764112216647473,0.015245651524530945,-0.09375,0.5153419847411225,0.21653,0.17371,0.23489
2023,1163,1233,1,0.53450237686765,0.15235968826405605,0.3799531831616927,0.24319959209535102,0.7575757575757576,0.5230934003511776,0.1303393167378395,0.32005101480867265,0.21920598001185768,0.7941176470588235,0.011408976516472435,0.022020371526216553,0.059902168353020036,0.02399361208349335,-0.036541889483065915,0.5034954129859348,0.21653,0.17371,0.24652
2023,1166,1301,1,0.5458874575598307,0.14278385225655016,0.24646796499175608,0.219549519111906,0.6363636363636364,0.5173798659941455,0.11346039645868107,0.2963811760783123,0.18709245774912805,0.696969696969697,0.028507591565685164,0.02932345579786909,-0.04991321108655625,0.032457061362777956,-0.06060606060606066,0.3241328729894819,0.21653,0.17371,0.4568
2023,1192,1345,1,0.5173837740930686,0.138486005684377,0.29541211337323797,0.21365557200637825,0.53125,0.5224208363461916,0.13933874896464576,0.3765274045177606,0.2812849582642577,0.8529411764705882,-0.005037062253123059,-8.527432802687696e-4,-0.08111529114452265,-0.06762938625787945,-0.3216911764705882,0.2485810394328718,0.21653,0.17371,0.56463
2023,1194,1272,1,0.5498006407274418,0.14103002261382658,0.28782935483225036,0.2175216013336475,0.90625,0.5336749111590537,0.16101869565293372,0.28233924167039415,0.2697361749344738,0.7647058823529411,0.016125729568388092,-0.019988673039107147,0.005490113161856214,-0.05221457360082632,0.14154411764705888,0.5662392804666745,0.21653,0.17371,0.18815
2023,1211,1213,1,0.583027515512623,0.12616751613991914,0.2945036067359698,0.2480696191096478,0.84375,0.5363407672048646,0.15175139838915708,0.27245712094481994,0.2802008824836847,0.65625,0.04668674830775843,-0.025583882249237938,0.022046485791149872,-0.03213126337403688,0.1875,0.7005286434277694,0.21653,0.17371,0.08968
2023,1231,1245,1,0.5373951877027394,0.14499269667466733,0.2601604918517145,0.2196437227809501,0.6666666666666666,0.5147893012599217,0.13709353833154914,0.29503032213900243,0.23380138283008556,0.8125,0.02260588644281769,0.00789915834311819,-0.034869830287287906,-0.014157660049135462,-0.14583333333333337,0.38824728985701573,0.21653,0.17371,0.37424
2023,1243,1286,1,0.5143234567985189,0.16931608802789566,0.288594951270495,0.2817940485235112,0.71875,0.5099414783840004,0.15464773199128656,0.23624320097693724,0.3481334422671471,0.71875,0.004381978414518484,0.014668356036609098,0.052351750293557764,-0.0663393937436359,0,0.47170832234443266,0.21653,0.17371,0.27909
2023,1246,1344,1,0.5142008159883916,0.1354386736096718,0.37421516876770416,0.2342965793516628,0.65625,0.5148552490803209,0.13660737788395935,0.32545163751873746,0.2823266448481148,0.65625,-6.544330919292518e-4,-0.0011687042742875575,0.04876353124896671,-0.04803006549645203,0,0.5181183431551766,0.21653,0.17371,0.23221
2023,1266,1436,1,0.5610657291437019,0.13368754776412745,0.2361120581594807,0.1976708489675139,0.8235294117647058,0.5506824255314283,0.12433552492188375,0.18101602682117296,0.20152644182834134,0.6875,0.010383303612273576,0.009352022842243693,0.05509603133830773,-0.003855592860827428,0.13602941176470584,0.5476448163457022,0.21653,0.17371,0.20463
2023,1179,1274,0,0.5327161193115331,0.13233311291582292,0.23399221733448095,0.2281298502825781,0.7878787878787878,0.5511647308562895,0.13970829170704654,0.29809949601566943,0.23471229859381965,0.78125,-0.01844861154475641,-0.007375178791223624,-0.06410727868118848,-0.006582448311241551,0.006628787878787845,0.30767254185382836,0.21653,0.17371,0.09466
2023,1277,1425,1,0.5178094803346613,0.13907436713693958,0.23349892351355342,0.20048059132786833,0.6129032258064516,0.5139773607808801,0.1514553104343893,0.2654007696344328,0.2541942018114374,0.6875,0.003832119553781266,-0.012380943297449737,-0.0319018461208794,-0.053713610483569096,-0.07459677419354838,0.41350770648092844,0.21653,0.17371,0.34397
2023,1235,1338,0,0.5101040570623975,0.16352426661312686,0.31520026945596763,0.1927116974994793,0.59375,0.5335934713867378,0.13829248917448894,0.2763890078445421,0.24900295133095396,0.6666666666666666,-0.023489414324340374,0.025231777438637915,0.03881126161142551,-0.05629125383147465,-0.07291666666666663,0.3338152882897897,0.21653,0.17371,0.11143
2023,1388,1433,1,0.5248287004997375,0.12991508969649254,0.30420261709250174,0.22264260339998462,0.78125,0.5224721854495574,0.16731528957885847,0.2651454213509728,0.30167395210428477,0.7941176470588235,0.0023565150501800858,-0.037400199882365925,0.03905719574152894,-0.07903134870430015,-0.012867647058823484,0.6315795378958393,0.21653,0.17371,0.13573
2023,1113,1395,0,0.48144094780050645,0.14392921449730198,0.26850413877083357,0.22017589774220966,0.6470588235294118,0.5040281931363081,0.14489707974203966,0.31100056129124776,0.24188163940516133,0.6363636363636364,-0.022587245335801642,-9.678652447376868e-4,-0.04249642252041419,-0.021705741662951666,0.010695187165775444,0.30782199600164845,0.21653,0.17371,0.09475
2023,1244,1462,0,0.530118837712698,0.15499162735847802,0.24161804984426233,0.24693308205365969,0.7419354838709677,0.5583534162869576,0.15164945542940203,0.29449961694509497,0.22499065853946004,0.7352941176470589,-0.028234578574259594,0.0033421719290759877,-0.05288156710083264,0.021942423514199644,0.006641366223908873,0.27740585329398293,0.21653,0.17371,0.07695
2023,1104,1268,1,0.5287603094615866,0.15770250311896997,0.31852227672305555,0.2751334131919097,0.8529411764705882,0.5160498106746383,0.13604673605573298,0.2920633444882875,0.25382500217144227,0.6363636363636364,0.012710498786948299,0.02165576706323699,0.02645893223476803,0.021308411020467433,0.21657754010695185,0.46986726032969306,0.21653,0.17371,0.28104
2023,1116,1242,1,0.5220863982248218,0.15886355583829928,0.29155947859558107,0.27063131329645435,0.6060606060606061,0.5239541167603953,0.1530159331376911,0.26834644937506574,0.21956256728782927,0.7941176470588235,-0.0018677185355734371,0.005847622700608179,0.023213029220515324,0.05106874600862507,-0.1880570409982174,0.4551943946987509,0.21653,0.17371,0.29681
2023,1120,1222,0,0.4954319925695506,0.14897946607940246,0.3095921051324252,0.25500490598514447,0.625,0.5267960243443384,0.12258851198808914,0.36686440123034947,0.2088589383503363,0.9117647058823529,-0.03136403177478775,0.026390954091313326,-0.05727229609792428,0.04614596763480816,-0.2867647058823529,0.18855221060521138,0.21653,0.17371,0.03555
2023,1281,1343,0,0.5523020988516147,0.13624657871397605,0.2546171389906926,0.22904189025301971,0.7272727272727273,0.5271714510665678,0.14392427270991257,0.2640541767959713,0.2322458890615577,0.7037037037037037,0.025130647785046922,-0.007677693995936513,-0.009437037805278714,-0.0032039988085379723,0.023569023569023573,0.5206986057431083,0.21653,0.17371,0.27113
2023,1202,1361,0,0.5582988614469196,0.13581407634492343,0.28748893655587743,0.2621496349555642,0.7741935483870968,0.5032932912410035,0.14241673637077956,0.30552900151728235,0.2546964595101349,0.8125,0.05500557020591612,-0.006602660025856133,-0.018040064961404922,0.007453175445429283,-0.03830645161290325,0.5776042508354772,0.21653,0.17371,0.33363
2023,1181,1397,0,0.5126461030808127,0.1487992823812348,0.34803437645284685,0.24013728571851464,0.7647058823529411,0.5071841296200618,0.14543450482709228,0.3673939067553692,0.2255212460425338,0.696969696969697,0.005461973460750946,0.003364777554142523,-0.019359530302522354,0.014616039675980852,0.06773618538324411,0.4182025867113773,0.21653,0.17371,0.17489
2023,1336,1400,0,0.5552000743273382,0.11964252154779687,0.17184275980851085,0.15813928361457,0.6285714285714286,0.5272015076344461,0.13888499625159967,0.2690578281788591,0.2449088562826041,0.7647058823529411,0.027998566692892135,-0.019242474703802803,-0.09721506837034824,-0.08676957266803409,-0.13613445378151257,0.36743143027594616,0.21653,0.17371,0.13501
2023,1321,1417,0,0.4730087288017819,0.12185931613349753,0.265286149886036,0.22692138537038048,0.65625,0.510082798213698,0.12110875431562372,0.3159454771243091,0.20038112682427392,0.8529411764705882,-0.037074069411916044,7.505618178738072e-4,-0.0506593272382731,0.02654025854610656,-0.1966911764705882,0.2553613487899946,0.21653,0.17371,0.06521
2023,1163,1388,1,0.53450237686765,0.15235968826405605,0.3799531831616927,0.24319959209535102,0.7575757575757576,0.5248287004997375,0.12991508969649254,0.30420261709250174,0.22264260339998462,0.78125,0.009673676367912498,0.022444598567563506,0.07575056606919095,0.0205569886953664,-0.02367424242424243,0.5269853943365507,0.21653,0.17371,0.22374
2023,1124,1166,0,0.5306447870380798,0.15144032905870067,0.3198815215119015,0.27992566094885696,0.6875,0.5458874575598307,0.14278385225655016,0.24646796499175608,0.219549519111906,0.6363636363636364,-0.015242670521750878,0.008656476802150509,0.07341355652014545,0.06037614183695095,0.051136363636363646,0.529181435557351,0.21653,0.17371,0.28003
2023,1192,1194,0,0.5173837740930686,0.138486005684377,0.29541211337323797,0.21365557200637825,0.53125,0.5498006407274418,0.14103002261382658,0.28782935483225036,0.2175216013336475,0.90625,-0.032416866634373265,-0.002544016929449583,0.007582758540987611,-0.0038660293272692603,-0.375,0.3441393385024937,0.21653,0.17371,0.11843
2023,1211,1395,1,0.583027515512623,0.12616751613991914,0.2945036067359698,0.2480696191096478,0.84375,0.5040281931363081,0.14489707974203966,0.31100056129124776,0.24188163940516133,0.6363636363636364,0.0789993223763149,-0.018729563602120525,-0.016496954555277943,0.006187979704486479,0.20738636363636365,0.7033055547486832,0.21653,0.17371,0.08803
2023,1243,1246,1,0.5143234567985189,0.16931608802789566,0.288594951270495,0.2817940485235112,0.71875,0.5142008159883916,0.1354386736096718,0.37421516876770416,0.2342965793516628,0.65625,1.2264081012725025e-4,0.03387741441822387,-0.08562021749720916,0.04749746917184841,0.0625,0.21280397096954093,0.21653,0.17371,0.61968
2023,1231,1274,0,0.5373951877027394,0.14499269667466733,0.2601604918517145,0.2196437227809501,0.6666666666666666,0.5511647308562895,0.13970829170704654,0.29809949601566943,0.23471229859381965,0.78125,-0.013769543153550057,0.005284404967620782,-0.037939004163954904,-0.01506857581286955,-0.11458333333333337,0.30629185176453894,0.21653,0.17371,0.09381
2023,1266,1277,0,0.5610657291437019,0.13368754776412745,0.2361120581594807,0.1976708489675139,0.8235294117647058,0.5178094803346613,0.13907436713693958,0.23349892351355342,0.20048059132786833,0.6129032258064516,0.043256248809040554,-0.005386819372812129,0.002613134645927273,-0.002809742360354417,0.21062618595825422,0.6004508563639906,0.21653,0.17371,0.36054
2023,1338,1462,0,0.5335934713867378,0.13829248917448894,0.2763890078445421,0.24900295133095396,0.6666666666666666,0.5583534162869576,0.15164945542940203,0.29449961694509497,0.22499065853946004,0.7352941176470589,-0.02475994490021971,-0.013356966254913089,-0.018110609100552844,0.024012292791493917,-0.06862745098039225,0.39384777042142843,0.21653,0.17371,0.15512
2023,1116,1163,0,0.5220863982248218,0.15886355583829928,0.29155947859558107,0.27063131329645435,0.6060606060606061,0.53450237686765,0.15235968826405605,0.3799531831616927,0.24319959209535102,0.7575757575757576,-0.012415978642828174,0.006503867574243233,-0.08839370456611162,0.02743172120110332,-0.1515151515151515,0.23923664386916058,0.21653,0.17371,0.05723
2023,1194,1397,1,0.5498006407274418,0.14103002261382658,0.28782935483225036,0.2175216013336475,0.90625,0.5071841296200618,0.14543450482709228,0.3673939067553692,0.2255212460425338,0.696969696969697,0.04261651110738007,-0.004404482213265698,-0.07956455192311884,-0.007999644708886283,0.20928030303030298,0.44081362665370305,0.21653,0.17371,0.31269
2023,1211,1417,1,0.583027515512623,0.12616751613991914,0.2945036067359698,0.2480696191096478,0.84375,0.510082798213698,0.12110875431562372,0.3159454771243091,0.20038112682427392,0.8529411764705882,0.07294471729892504,0.0050587618242954185,-0.02144187038833928,0.04768849228537389,-0.009191176470588203,0.5909345745597413,0.21653,0.17371,0.16733
2023,1243,1277,1,0.5143234567985189,0.16931608802789566,0.288594951270495,0.2817940485235112,0.71875,0.5178094803346613,0.13907436713693958,0.23349892351355342,0.20048059132786833,0.6129032258064516,-0.0034860235361424685,0.030241720890956086,0.055096027756941585,0.08131345719564287,0.10584677419354838,0.4565832592009388,0.21653,0.17371,0.2953
2023,1166,1343,1,0.5458874575598307,0.14278385225655016,0.24646796499175608,0.219549519111906,0.6363636363636364,0.5271714510665678,0.14392427270991257,0.2640541767959713,0.2322458890615577,0.7037037037037037,0.018716006493262882,-0.0011404204533624063,-0.01758621180421524,-0.012696369949651676,-0.06734006734006737,0.45120099996384616,0.21653,0.17371,0.30118
2023,1222,1274,0,0.5267960243443384,0.12258851198808914,0.36686440123034947,0.2088589383503363,0.9117647058823529,0.5511647308562895,0.13970829170704654,0.29809949601566943,0.23471229859381965,0.78125,-0.02436870651195111,-0.01711977971895741,0.06876490521468004,-0.025853360243483337,0.13051470588235292,0.5726974469888436,0.21653,0.17371,0.32798
2023,1104,1361,0,0.5287603094615866,0.15770250311896997,0.31852227672305555,0.2751334131919097,0.8529411764705882,0.5032932912410035,0.14241673637077956,0.30552900151728235,0.2546964595101349,0.8125,0.02546701822058306,0.015285766748190405,0.012993275205773203,0.020436953681774783,0.0404411764705882,0.48553275069512314,0.21653,0.17371,0.23574
2023,1400,1462,1,0.5272015076344461,0.13888499625159967,0.2690578281788591,0.2449088562826041,0.7647058823529411,0.5583534162869576,0.15164945542940203,0.29449961694509497,0.22499065853946004,0.7352941176470589,-0.031151908652511495,-0.012764459177802362,-0.025441788766235873,0.019918197743144045,0.02941176470588225,0.3703665334832882,0.21653,0.17371,0.39644
2023,1163,1211,1,0.53450237686765,0.15235968826405605,0.3799531831616927,0.24319959209535102,0.7575757575757576,0.583027515512623,0.12616751613991914,0.2945036067359698,0.2480696191096478,0.84375,-0.04852513864497299,0.02619217212413691,0.08544957642572287,-0.004870027014296785,-0.08617424242424243,0.36330832957788406,0.21653,0.17371,0.40538
2023,1194,1243,1,0.5498006407274418,0.14103002261382658,0.28782935483225036,0.2175216013336475,0.90625,0.5143234567985189,0.16931608802789566,0.288594951270495,0.2817940485235112,0.71875,0.03547718392892296,-0.028286065414069084,-7.655964382446423e-4,-0.06427244718986369,0.1875,0.6355993035764866,0.21653,0.17371,0.13279
2023,1274,1400,1,0.5511647308562895,0.13970829170704654,0.29809949601566943,0.23471229859381965,0.78125,0.5272015076344461,0.13888499625159967,0.2690578281788591,0.2449088562826041,0.7647058823529411,0.02396322322184341,8.232954554468763e-4,0.029041667836810336,-0.010196557688784441,0.016544117647058876,0.5539055071400335,0.21653,0.17371,0.199
2023,1166,1361,0,0.5458874575598307,0.14278385225655016,0.24646796499175608,0.219549519111906,0.6363636363636364,0.5032932912410035,0.14241673637077956,0.30552900151728235,0.2546964595101349,0.8125,0.042594166318827176,3.6711588577059695e-4,-0.05906103652552627,-0.03514694039822891,-0.17613636363636365,0.4142715011656583,0.21653,0.17371,0.17162
2023,1163,1274,1,0.53450237686765,0.15235968826405605,0.3799531831616927,0.24319959209535102,0.7575757575757576,0.5511647308562895,0.13970829170704654,0.29809949601566943,0.23471229859381965,0.78125,-0.016662353988639467,0.012651396557009503,0.08185368714602326,0.008487293501531379,-0.02367424242424243,0.5010373139350776,0.21653,0.17371,0.24896
2023,1194,1361,0,0.5498006407274418,0.14103002261382658,0.28782935483225036,0.2175216013336475,0.90625,0.5032932912410035,0.14241673637077956,0.30552900151728235,0.2546964595101349,0.8125,0.04650734948643831,-0.0013867137569529842,-0.01769964668503199,-0.03717485817648741,0.09375,0.5340336605305084,0.21653,0.17371,0.28519
2023,1163,1361,1,0.53450237686765,0.15235968826405605,0.3799531831616927,0.24319959209535102,0.7575757575757576,0.5032932912410035,0.14241673637077956,0.30552900151728235,0.2546964595101349,0.8125,0.031209085626646482,0.009942951893276486,0.07442418164441034,-0.011496867414783896,-0.05492424242424243,0.6141998616582882,0.21653,0.17371,0.14884
2023,3228,3280,0,0.5188982841917893,0.15300885181825716,0.34338945693181155,0.17177472190158416,0.7096774193548387,0.4990230848194705,0.1893068856935742,0.3218596121502369,0.203458851264675,0.6666666666666666,0.019875199372318797,-0.03629803387531705,0.02152984478157466,-0.03168412936309084,0.043010752688172116,0.7624823572828529,0.21653,0.17371,0.58138
2023,3357,3380,1,0.42659015854327487,0.18319616309210074,0.3106937383567828,0.19646368842832165,0.5666666666666667,0.4164624252693851,0.17401152551391363,0.27504944632992084,0.17895112542647587,0.5333333333333333,0.010127733273889772,0.009184637578187105,0.03564429202686198,0.017512563001845782,0.033333333333333326,0.5879375374829514,0.21653,0.17371,0.1698
2023,3345,3385,0,0.5119196843918715,0.18395182692198545,0.24179691853189966,0.2088025165881675,0.6551724137931034,0.4939409019624959,0.17277490597537692,0.30812990391585154,0.2184208434447494,0.7333333333333333,0.017978782429375617,0.01117692094660852,-0.06633298538395188,-0.009618326856581899,-0.07816091954022986,0.34658520501469053,0.21653,0.17371,0.12012
2023,3284,3399,0,0.4856692558004453,0.21259789846805802,0.3151961632143752,0.19152937783856294,0.53125,0.4831644688692059,0.16500714920501938,0.32020334669427236,0.2329207329196659,0.6896551724137931,0.0025047869312394,0.047590749263038634,-0.005007183479897148,-0.04139135508110295,-0.15840517241379315,0.28933309214222014,0.21653,0.17371,0.08371
2023,3112,3452,1,0.4812181103954391,0.1433710374743158,0.29368477876765514,0.20547629105439938,0.7,0.44822932646305275,0.1613225410799309,0.2571649871348753,0.18668938620258513,0.6333333333333333,0.032988783932386356,-0.01795150360561512,0.03651979163277985,0.01878690485181425,0.06666666666666665,0.7471641621255656,0.21653,0.17371,0.06393
2023,3199,3208,0,0.4805398191448674,0.14773152555188102,0.29235948745331347,0.24627285598894633,0.71875,0.4694295217385065,0.19356748750266536,0.3574542406875164,0.23020207400282805,0.65625,0.01111029740636088,-0.04583596195078435,-0.06509475323420294,0.016070781986118277,0.0625,0.5908164642510962,0.21653,0.17371,0.34906
2023,3234,3368,1,0.5826655712019239,0.16315100956428907,0.2571575623465346,0.2522319097484019,0.8125,0.4407001855828341,0.16217909718103546,0.25907240156776357,0.1897156785978221,0.6785714285714286,0.14196538561908978,9.719123832536147e-4,-0.001914839221228981,0.06251623115057978,0.1339285714285714,0.8503172468665346,0.21653,0.17371,0.0224
2023,3218,3261,0,0.45832354729812314,0.18918348242859162,0.2634194055463821,0.2272452170994536,0.5625,0.5121143996847384,0.15720702098501135,0.458408349411464,0.2690464409148179,0.9333333333333333,-0.05379085238661524,0.03197646144358027,-0.19498894386508192,-0.041801223815364275,-0.37083333333333335,0.03156085920219683,0.21653,0.17371,0.001
2023,3221,3268,0,0.47828519919089313,0.19468161658435637,0.26945553614858303,0.2033425938053072,0.7419354838709677,0.4943941462154226,0.15306156199880416,0.2970807656774719,0.23011279756589156,0.8064516129032258,-0.016108947024529474,0.04162005458555221,-0.02762522952888885,-0.026770203760584366,-0.06451612903225801,0.26082727468358435,0.21653,0.17371,0.06803
2023,3276,3424,1,0.5184863625841357,0.1882328165102482,0.3042439384080764,0.26255282295173554,0.7096774193548387,0.5198908030363052,0.15078583026107895,0.3218116792687726,0.23309041358953922,0.9375,-0.0014044404521694753,0.037446986249169256,-0.01756774086069618,0.029462409362196323,-0.22782258064516125,0.2182065424524468,0.21653,0.17371,0.6112
2023,3211,3279,0,0.521430422808698,0.17283759906406918,0.3646154367034088,0.20765807222506202,0.875,0.464213457024956,0.16680950603484507,0.3559023516017301,0.20620343377518424,0.7419354838709677,0.057216965783742024,0.0060280930292241075,0.008713085101678675,0.001454638449877782,0.13306451612903225,0.7271425446263776,0.21653,0.17371,0.52874
2023,3166,3280,0,0.5296389031705487,0.14771410329076043,0.2734184054940799,0.14944117328873482,0.7333333333333333,0.4990230848194705,0.1893068856935742,0.3218596121502369,0.203458851264675,0.6666666666666666,0.03061581835107824,-0.04159278240281378,-0.048441206656156977,-0.054017677975940176,0.06666666666666665,0.708200391052992,0.21653,0.17371,0.50155
2023,3323,3381,1,0.49794701176413786,0.17930987398934545,0.3628471752828425,0.25259539326091063,0.8333333333333334,0.4759711285653462,0.202475766220276,0.2971153128865047,0.23781495544704204,0.7,0.02197588319879168,-0.023165892230930546,0.06573186239633777,0.014780437813868591,0.13333333333333341,0.8100756438436262,0.21653,0.17371,0.03607
2023,3301,3343,0,0.48118915241286814,0.15502197824678823,0.287183178803739,0.1928839275919229,0.6451612903225806,0.4664170407320855,0.16003811486908348,0.3392088799344679,0.1932129225846083,0.8214285714285714,0.01477211168078263,-0.0050161366222952475,-0.05202570113072891,-3.2899499268537746e-4,-0.17626728110599077,0.3610902359326797,0.21653,0.17371,0.13039
2023,3355,3425,1,0.540326646910058,0.159637807374606,0.3081924342788251,0.27281931628247436,0.8484848484848485,0.4360919237064421,0.17606987846908181,0.3288079947585533,0.2349540294929246,0.7,0.10423472320361593,-0.01643207109447581,-0.020615560479728234,0.03786528678954976,0.14848484848484855,0.8189295091899319,0.21653,0.17371,0.03279
2023,3313,3376,0,0.4167237017947235,0.20523873264592765,0.3609923857168139,0.2263632538494806,0.8064516129032258,0.5078027847726575,0.14228370083082378,0.48220886269760943,0.24151260504633276,1,-0.09107908297793399,0.06295503181510387,-0.12121647698079552,-0.015149351196852151,-0.19354838709677424,0.03468216472510376,0.21653,0.17371,0.0012
2023,3266,3378,0,0.4473564969358553,0.1635909991267118,0.3085829268125141,0.15866140775303586,0.6774193548387096,0.5098408040629532,0.18325229847323113,0.3566422121469276,0.22864964999229487,0.8125,-0.062484307127097904,-0.019661299346519334,-0.048059285334413504,-0.06998824223925901,-0.13508064516129037,0.29025101769962486,0.21653,0.17371,0.08425
2023,3357,3390,0,0.42659015854327487,0.18319616309210074,0.3106937383567828,0.19646368842832165,0.5666666666666667,0.5137583854244963,0.1564068813083134,0.40031630113865024,0.21675754324690294,0.8484848484848485,-0.08716822688122139,0.02678928178378734,-0.08962256278186742,-0.020293854818581286,-0.28181818181818186,0.06401985660340294,0.21653,0.17371,0.0041
2023,3205,3428,0,0.4980833274538466,0.1716792631047576,0.3453439337153545,0.23288975247813892,0.8787878787878788,0.5541930672637922,0.16343574240196804,0.30034667598763,0.26681811557179297,0.8620689655172413,-0.05610973980994566,0.008243520702789553,0.044997257727724504,-0.033928363093654046,0.01671891327063746,0.4544089265141355,0.21653,0.17371,0.20649
2023,3151,3439,0,0.47386555580453305,0.18748908680239337,0.21304240658514392,0.2348493764392013,0.6,0.5215580497279346,0.16324652042315177,0.3076097877770555,0.22584221862537596,0.8709677419354839,-0.04769249392340158,0.024242566379241604,-0.09456738119191158,0.009007157813825356,-0.2709677419354839,0.09068043947267662,0.21653,0.17371,0.00822
2023,3104,3124,0,0.5173245006325471,0.18903174331098746,0.2892522457903926,0.1945980875247389,0.6666666666666666,0.48378834793323466,0.1768308965719402,0.3019339741800607,0.18209497517165904,0.6129032258064516,0.03353615269931243,0.012200846739047255,-0.012681728389668079,0.012503112353079854,0.053763440860215006,0.5560508834131521,0.21653,0.17371,0.30919
2023,3160,3292,1,0.4860132638917157,0.17472833342548133,0.32203180694851546,0.20789817009032266,0.7419354838709677,0.5055158216344999,0.1491799631701896,0.3024303271600868,0.28322516500347716,0.875,-0.019502557742784254,0.02554837025529172,0.01960147978842869,-0.0753269949131545,-0.13306451612903225,0.38695794469285594,0.21653,0.17371,0.37582
2023,3163,3436,1,0.5410225534213138,0.19308214831259787,0.3386974552202047,0.22320976726065034,0.8529411764705882,0.48730355580966833,0.173014158506347,0.2800110851005197,0.17287670533584296,0.8,0.05371899761164545,0.02006798980625088,0.05868637011968503,0.05033306192480738,0.05294117647058816,0.6974298476418436,0.21653,0.17371,0.09155
2023,3181,3233,1,0.4544808022783611,0.18964460214295525,0.32341446020421066,0.18372121788640738,0.8064516129032258,0.5504520724084465,0.24176360850152998,0.22982437874613632,0.13292600577580327,0.8125,-0.09597127013008544,-0.05211900635857472,0.09359008145807435,0.050795212110604115,-0.006048387096774244,0.5854084738607451,0.21653,0.17371,0.17189
2023,3195,3450,1,0.5733836223584645,0.14902815481648204,0.23115961036708949,0.16865453816522927,0.9090909090909091,0.4901026124219341,0.18352774580625564,0.2976720177381682,0.1854798644329321,0.696969696969697,0.08328100993653043,-0.03449959098977359,-0.06651240737107872,-0.016825326267702834,0.21212121212121204,0.8100640653581856,0.21653,0.17371,0.03608
2023,3231,3399,1,0.5607369470207136,0.15599111607980598,0.25156862575108824,0.24149013159839156,0.9,0.4831644688692059,0.16500714920501938,0.32020334669427236,0.2329207329196659,0.6896551724137931,0.07757247815150775,-0.009016033125213402,-0.06863472094318412,0.008569398678725665,0.21034482758620687,0.7155498411271596,0.21653,0.17371,0.08091
2023,3179,3257,0,0.5465637830375768,0.20071142054695035,0.3062460896023207,0.243626111186789,0.7096774193548387,0.49384105459005057,0.17535661343408884,0.34151368975734686,0.21275849608373368,0.6764705882352942,0.052722728447526235,0.025354807112861505,-0.03526760015502617,0.03086761510305533,0.03320683111954459,0.4892912196544949,0.21653,0.17371,0.23941
2023,3274,3329,1,0.4798472055440798,0.18089518211504316,0.33931602281506285,0.21172847375939094,0.6129032258064516,0.5191508936298646,0.15612671156593033,0.24639433048167883,0.19341327845612172,0.65625,-0.03930368808578477,0.024768470549112825,0.09292169233338402,0.01831519530326922,-0.043346774193548376,0.4710614489132504,0.21653,0.17371,0.27978
2023,3314,3385,1,0.4656237603338393,0.1695521639189503,0.2983345636270055,0.19635138044565995,0.6774193548387096,0.4939409019624959,0.17277490597537692,0.30812990391585154,0.2184208434447494,0.7333333333333333,-0.028317141628656617,-0.003222742056426614,-0.009795340288846044,-0.022069462999089462,-0.05591397849462365,0.4068164509341629,0.21653,0.17371,0.35187
2023,3241,3326,0,0.46359743745143944,0.1655547586193064,0.32382471605725094,0.24074086249114632,0.78125,0.5236951006028164,0.15559934891497643,0.2626403143138163,0.20619414421577667,0.78125,-0.06009766315137699,0.009955409704329982,0.06118440174343465,0.03454671827536965,0,0.41180724886023384,0.21653,0.17371,0.16959
2023,3328,3339,1,0.5201368918111468,0.17697683237824666,0.34947312130343106,0.2068804819402419,0.8064516129032258,0.5126493672730988,0.2023332578502707,0.30471963836030974,0.22289361803880856,0.7241379310344828,0.007487524538047907,-0.025356425472024047,0.044753482943121314,-0.016013136098566666,0.082313681868743,0.7526343527065478,0.21653,0.17371,0.06119
2023,3387,3397,0,0.44323118301824743,0.19052694115615323,0.34838345024637074,0.2091265523406707,0.5,0.4880122680351668,0.1726422939557959,0.39404483301253435,0.23930658839677846,0.6764705882352942,-0.04478108501691935,0.017884647200357345,-0.045661382766163605,-0.03018003605610775,-0.17647058823529416,0.19347185758167312,0.21653,0.17371,0.03743
2023,3187,3400,0,0.40823018744163186,0.18475328663969343,0.3528644193578775,0.22924552928926975,0.71875,0.4796818784656294,0.17040992186751966,0.4030576294313001,0.21314876821046735,0.7352941176470589,-0.07145169102399751,0.014343364772173767,-0.05019321007342259,0.016096761078802396,-0.016544117647058876,0.18501276290256272,0.21653,0.17371,0.03423
2023,3235,3405,0,0.49785491266888426,0.15920770992028238,0.28528022133412256,0.2374103801960856,0.7096774193548387,0.5127542012649089,0.1554973992611675,0.25220660977652887,0.2835677232039062,0.875,-0.014899288596024629,0.0037103106591148682,0.033073611557593696,-0.04615734300782062,-0.16532258064516125,0.46475605729533376,0.21653,0.17371,0.216
2023,3170,3417,0,0.5563613406521796,0.1918593960667529,0.33311896580012984,0.20967964332995614,0.78125,0.448263786619866,0.14505637232835328,0.3839284608614442,0.2006237450489689,0.7352941176470589,0.10809755403231358,0.04680302373839962,-0.05080949506131438,0.00905589828098724,0.045955882352941124,0.5584208966840813,0.21653,0.17371,0.31183
2023,3156,3437,0,0.48147030345825315,0.1712666743416556,0.34653697848335563,0.2946079341518813,0.8823529411764706,0.5000550019368509,0.12539992037228484,0.2886259031771382,0.1881067011785581,0.8235294117647058,-0.018584698478597783,0.04586675396937076,0.05791107530621742,0.1065012329733232,0.05882352941176472,0.3752137043958937,0.21653,0.17371,0.14079
2023,3208,3234,0,0.4694295217385065,0.19356748750266536,0.3574542406875164,0.23020207400282805,0.65625,0.5826655712019239,0.16315100956428907,0.2571575623465346,0.2522319097484019,0.8125,-0.11323604946341737,0.03041647793837629,0.10029667834098183,-0.022029835745573823,-0.15625,0.24811371173321692,0.21653,0.17371,0.06156
2023,3261,3276,1,0.5121143996847384,0.15720702098501135,0.458408349411464,0.2690464409148179,0.9333333333333333,0.5184863625841357,0.1882328165102482,0.3042439384080764,0.26255282295173554,0.7096774193548387,-0.006371962899397343,-0.03102579552523685,0.15416441100338762,0.006493617963082343,0.2236559139784946,0.9032474158337906,0.21653,0.17371,0.00936
2023,3112,3268,0,0.4812181103954391,0.1433710374743158,0.29368477876765514,0.20547629105439938,0.7,0.4943941462154226,0.15306156199880416,0.2970807656774719,0.23011279756589156,0.8064516129032258,-0.0131760358199835,-0.009690524524488375,-0.0033959869098167395,-0.024636506511492184,-0.1064516129032258,0.4579524711415218,0.21653,0.17371,0.20972
2023,3279,3390,1,0.464213457024956,0.16680950603484507,0.3559023516017301,0.20620343377518424,0.7419354838709677,0.5137583854244963,0.1564068813083134,0.40031630113865024,0.21675754324690294,0.8484848484848485,-0.04954492839954028,0.010402624726531667,-0.04441394953692013,-0.010554109471718698,-0.10654936461388076,0.22107111134071702,0.21653,0.17371,0.60673
2023,3280,3323,0,0.4990230848194705,0.1893068856935742,0.3218596121502369,0.203458851264675,0.6666666666666666,0.49794701176413786,0.17930987398934545,0.3628471752828425,0.25259539326091063,0.8333333333333334,0.001076073055332638,0.009997011704228759,-0.0409875631326056,-0.04913654199623563,-0.16666666666666674,0.3365579671854515,0.21653,0.17371,0.11327
2023,3376,3378,1,0.5078027847726575,0.14228370083082378,0.48220886269760943,0.24151260504633276,1,0.5098408040629532,0.18325229847323113,0.3566422121469276,0.22864964999229487,0.8125,-0.0020380192902956784,-0.040968597642407345,0.12556665055068184,0.012862955054037895,0.1875,0.8887661463289368,0.21653,0.17371,0.01237
2023,3343,3428,0,0.4664170407320855,0.16003811486908348,0.3392088799344679,0.1932129225846083,0.8214285714285714,0.5541930672637922,0.16343574240196804,0.30034667598763,0.26681811557179297,0.8620689655172413,-0.08777602653170674,-0.003397627532884556,0.038862203946837925,-0.07360519298718468,-0.04064039408866993,0.3917526070298608,0.21653,0.17371,0.15347
2023,3355,3439,0,0.540326646910058,0.159637807374606,0.3081924342788251,0.27281931628247436,0.8484848484848485,0.5215580497279346,0.16324652042315177,0.3076097877770555,0.22584221862537596,0.8709677419354839,0.018768597182123425,-0.003608713048545764,5.826465017695903e-4,0.0469770976570984,-0.022482893450635366,0.5298924447899239,0.21653,0.17371,0.28079
2023,3160,3181,1,0.4860132638917157,0.17472833342548133,0.32203180694851546,0.20789817009032266,0.7419354838709677,0.4544808022783611,0.18964460214295525,0.32341446020421066,0.18372121788640738,0.8064516129032258,0.0315324616133546,-0.014916268717473924,-0.0013826532556951987,0.024176952203915275,-0.06451612903225801,0.5937241345237039,0.21653,0.17371,0.16506
2023,3124,3163,0,0.48378834793323466,0.1768308965719402,0.3019339741800607,0.18209497517165904,0.6129032258064516,0.5410225534213138,0.19308214831259787,0.3386974552202047,0.22320976726065034,0.8529411764705882,-0.057234205488079115,-0.01625125174065767,-0.03676348104014404,-0.0411147920889913,-0.24003795066413658,0.24661863715243149,0.21653,0.17371,0.06082
2023,3257,3400,1,0.49384105459005057,0.17535661343408884,0.34151368975734686,0.21275849608373368,0.6764705882352942,0.4796818784656294,0.17040992186751966,0.4030576294313001,0.21314876821046735,0.7352941176470589,0.014159176124421191,0.0049466915665691835,-0.06154393967395322,-3.9027212673367617e-4,-0.05882352941176472,0.37066704811161,0.21653,0.17371,0.39606
2023,3231,3274,0,0.5607369470207136,0.15599111607980598,0.25156862575108824,0.24149013159839156,0.9,0.4798472055440798,0.18089518211504316,0.33931602281506285,0.21172847375939094,0.6129032258064516,0.08088974147663386,-0.024904066035237177,-0.08774739706397461,0.029761657839000616,0.2870967741935484,0.7575986302083579,0.21653,0.17371,0.57396
2023,3314,3326,0,0.4656237603338393,0.1695521639189503,0.2983345636270055,0.19635138044565995,0.6774193548387096,0.5236951006028164,0.15559934891497643,0.2626403143138163,0.20619414421577667,0.78125,-0.058071340268977145,0.013952815003973884,0.03569424931318921,-0.009842763770116725,-0.10383064516129037,0.3279106652754427,0.21653,0.17371,0.10753
2023,3397,3405,1,0.4880122680351668,0.1726422939557959,0.39404483301253435,0.23930658839677846,0.6764705882352942,0.5127542012649089,0.1554973992611675,0.25220660977652887,0.2835677232039062,0.875,-0.024741933229742108,0.017144894694628376,0.14183822323600548,-0.04426113480712776,-0.19852941176470584,0.5991481849770341,0.21653,0.17371,0.16068
2023,3328,3417,0,0.5201368918111468,0.17697683237824666,0.34947312130343106,0.2068804819402419,0.8064516129032258,0.448263786619866,0.14505637232835328,0.3839284608614442,0.2006237450489689,0.7352941176470589,0.07187310519128076,0.03192046004989338,-0.034455339558013165,0.006256736891272985,0.07115749525616688,0.5613942003739012,0.21653,0.17371,0.31516
2023,3195,3437,0,0.5733836223584645,0.14902815481648204,0.23115961036708949,0.16865453816522927,0.9090909090909091,0.5000550019368509,0.12539992037228484,0.2886259031771382,0.1881067011785581,0.8235294117647058,0.07332862042161359,0.023628234444197205,-0.057466292810048725,-0.019452163013328833,0.08556149732620322,0.5733372755581627,0.21653,0.17371,0.32872
2023,3160,3234,0,0.4860132638917157,0.17472833342548133,0.32203180694851546,0.20789817009032266,0.7419354838709677,0.5826655712019239,0.16315100956428907,0.2571575623465346,0.2522319097484019,0.8125,-0.09665230731020819,0.011577323861192257,0.06487424460198088,-0.04433373965807921,-0.07056451612903225,0.33423603646909744,0.21653,0.17371,0.11171
2023,3257,3279,1,0.49384105459005057,0.17535661343408884,0.34151368975734686,0.21275849608373368,0.6764705882352942,0.464213457024956,0.16680950603484507,0.3559023516017301,0.20620343377518424,0.7419354838709677,0.029627597565094588,0.008547107399243775,-0.014388661844383255,0.006555062308549436,-0.06546489563567359,0.49004296164381483,0.21653,0.17371,0.26006
2023,3261,3428,1,0.5121143996847384,0.15720702098501135,0.458408349411464,0.2690464409148179,0.9333333333333333,0.5541930672637922,0.16343574240196804,0.30034667598763,0.26681811557179297,0.8620689655172413,-0.042078667579053874,-0.006228721416956684,0.15806167342383404,0.0022283253430249172,0.07126436781609202,0.7628145175287115,0.21653,0.17371,0.05626
2023,3274,3437,1,0.4798472055440798,0.18089518211504316,0.33931602281506285,0.21172847375939094,0.6129032258064516,0.5000550019368509,0.12539992037228484,0.2886259031771382,0.1881067011785581,0.8235294117647058,-0.02020779639277115,0.05549526174275832,0.050690119637924635,0.02362177258083284,-0.21062618595825422,0.24852787150069283,0.21653,0.17371,0.56471
2023,3268,3323,1,0.4943941462154226,0.15306156199880416,0.2970807656774719,0.23011279756589156,0.8064516129032258,0.49794701176413786,0.17930987398934545,0.3628471752828425,0.25259539326091063,0.8333333333333334,-0.003552865548715256,-0.026248311990541284,-0.06576640960537061,-0.022482595695019064,-0.026881720430107614,0.45576938359093155,0.21653,0.17371,0.29619
2023,3163,3326,0,0.5410225534213138,0.19308214831259787,0.3386974552202047,0.22320976726065034,0.8529411764705882,0.5236951006028164,0.15559934891497643,0.2626403143138163,0.20619414421577667,0.78125,0.017327452818497346,0.03748279939762145,0.07605714090638843,0.017015623044873668,0.0716911764705882,0.614470747071404,0.21653,0.17371,0.37757
2023,3376,3417,1,0.5078027847726575,0.14228370083082378,0.48220886269760943,0.24151260504633276,1,0.448263786619866,0.14505637232835328,0.3839284608614442,0.2006237450489689,0.7352941176470589,0.05953899815279151,-0.002772671497529494,0.09828040183616521,0.04088885999736386,0.2647058823529411,0.8895467142233049,0.21653,0.17371,0.0122
2023,3397,3439,0,0.4880122680351668,0.1726422939557959,0.39404483301253435,0.23930658839677846,0.6764705882352942,0.5215580497279346,0.16324652042315177,0.3076097877770555,0.22584221862537596,0.8709677419354839,-0.03354578169276784,0.00939577353264412,0.08643504523547885,0.013464369771402501,-0.19449715370018972,0.44475714209112355,0.21653,0.17371,0.19781
2023,3234,3257,1,0.5826655712019239,0.16315100956428907,0.2571575623465346,0.2522319097484019,0.8125,0.49384105459005057,0.17535661343408884,0.34151368975734686,0.21275849608373368,0.6764705882352942,0.0888245166118733,-0.01220560386979977,-0.08435612741081228,0.039473413664668194,0.13602941176470584,0.6673926036991288,0.21653,0.17371,0.11063
2023,3261,3274,1,0.5121143996847384,0.15720702098501135,0.458408349411464,0.2690464409148179,0.9333333333333333,0.4798472055440798,0.18089518211504316,0.33931602281506285,0.21172847375939094,0.6129032258064516,0.032267194140658595,-0.023688161130031804,0.11909232659640118,0.057317967155426947,0.3204301075268817,0.9119224811917164,0.21653,0.17371,0.00776
2023,3268,3376,0,0.4943941462154226,0.15306156199880416,0.2970807656774719,0.23011279756589156,0.8064516129032258,0.5078027847726575,0.14228370083082378,0.48220886269760943,0.24151260504633276,1,-0.013408638557234898,0.01077786116798038,-0.18512809702013755,-0.011399807480441199,-0.19354838709677424,0.09453163713138674,0.21653,0.17371,0.00894
2023,3326,3439,0,0.5236951006028164,0.15559934891497643,0.2626403143138163,0.20619414421577667,0.78125,0.5215580497279346,0.16324652042315177,0.3076097877770555,0.22584221862537596,0.8709677419354839,0.0021370508748818073,-0.007647171508175343,-0.04496947346323921,-0.019648074409599287,-0.08971774193548387,0.41175225653562975,0.21653,0.17371,0.16954
2023,3234,3376,1,0.5826655712019239,0.16315100956428907,0.2571575623465346,0.2522319097484019,0.8125,0.5078027847726575,0.14228370083082378,0.48220886269760943,0.24151260504633276,1,0.07486278642926636,0.02086730873346529,-0.22505130035107485,0.01071930470206911,-0.1875,0.14150726121263368,0.21653,0.17371,0.73701
2023,3261,3439,1,0.5121143996847384,0.15720702098501135,0.458408349411464,0.2690464409148179,0.9333333333333333,0.5215580497279346,0.16324652042315177,0.3076097877770555,0.22584221862537596,0.8709677419354839,-0.00944365004319625,-0.0060394994381404166,0.15079856163440852,0.04320422228944193,0.062365591397849474,0.7905977680655546,0.21653,0.17371,0.04385
2023,3234,3261,0,0.5826655712019239,0.16315100956428907,0.2571575623465346,0.2522319097484019,0.8125,0.5121143996847384,0.15720702098501135,0.458408349411464,0.2690464409148179,0.9333333333333333,0.07055117151718548,0.00594398857927772,-0.20125078706492944,-0.016814531166416014,-0.12083333333333335,0.23196292323828008,0.21653,0.17371,0.05381
