"","Season","Team1","Team2","Team1_win","eFG_T1","TOV_Pct_T1","ORB_Pct_T1","FTR_T1","Win_T1","eFG_T2","TOV_Pct_T2","ORB_Pct_T2","FTR_T2","Win_T2","eFG_diff","TOV_Pct_diff","ORB_Pct_diff","FTR_diff","Win_diff","Pred","brier_score_2025","winning_brier_score","brier_score_per_game"
"1",2025,1196,1222,1,0.551660383023361,0.143900621148158,0.365928642273673,0.238210253590618,0.882352941176471,0.529548696858772,0.136570325684092,0.356662034116947,0.211141271450339,0.882352941176471,0.0221116861645886,0.00733029546406563,0.00926660815672553,0.0270689821402794,0,0.630188640124162,0.18401,0.10411,0.13676
"2",2025,1120,1196,0,0.559326455610864,0.129291875953304,0.329032436483157,0.251590548941967,0.848484848484849,0.551660383023361,0.143900621148158,0.365928642273673,0.238210253590618,0.882352941176471,0.00766607258750374,-0.014608745194854,-0.0368962057905157,0.0133802953513487,-0.0338680926916221,0.568166614599958,0.18401,0.10411,0.32281
"3",2025,1181,1222,0,0.574670504826003,0.137988319813391,0.335700208477283,0.257277474639534,0.911764705882353,0.529548696858772,0.136570325684092,0.356662034116947,0.211141271450339,0.882352941176471,0.0451218079672306,0.00141799412929874,-0.0209618256396643,0.0461362031891948,0.0294117647058824,0.615770168992052,0.18401,0.10411,0.37917
"4",2025,1222,1397,1,0.529548696858772,0.136570325684092,0.356662034116947,0.211141271450339,0.882352941176471,0.532349133990052,0.147052316643391,0.334247212170319,0.269837558423558,0.794117647058823,-0.00280043713127975,-0.0104819909592987,0.0224148219466285,-0.058696286973219,0.0882352941176471,0.751452438251302,0.18401,0.10411,0.06178
"5",2025,1120,1277,1,0.559326455610864,0.129291875953304,0.329032436483157,0.251590548941967,0.848484848484849,0.513585969142699,0.155751739652289,0.340008422994588,0.300123690496558,0.818181818181818,0.0457404864681659,-0.0264598636989855,-0.0109759865114308,-0.0485331415545907,0.0303030303030303,0.787234327346175,0.18401,0.10411,0.04527
"6",2025,1196,1403,1,0.551660383023361,0.143900621148158,0.365928642273673,0.238210253590618,0.882352941176471,0.555402381769695,0.13834796427154,0.320822068899072,0.228771114097447,0.757575757575758,-0.00374199874633463,0.00555265687661785,0.045106573374601,0.0094391394931708,0.124777183600713,0.731381896379382,0.18401,0.10411,0.07216
"7",2025,1104,1181,0,0.564049310941374,0.158482504605373,0.328017398389138,0.292238524822595,0.757575757575758,0.574670504826003,0.137988319813391,0.335700208477283,0.257277474639534,0.911764705882353,-0.0106211938846289,0.0204941847919819,-0.00768281008814514,0.0349610501830612,-0.154188948306595,0.397157930607747,0.18401,0.10411,0.15773
"8",2025,1120,1276,1,0.559326455610864,0.129291875953304,0.329032436483157,0.251590548941967,0.848484848484849,0.545745408373483,0.190471775789415,0.31661257733247,0.257568039086614,0.735294117647059,0.0135810472373815,-0.0611798998361118,0.0124198591506869,-0.00597749014464732,0.11319073083779,0.891677516460844,0.18401,0.10411,0.01173
"9",2025,1222,1345,1,0.529548696858772,0.136570325684092,0.356662034116947,0.211141271450339,0.882352941176471,0.563325585900346,0.147276715819918,0.289369900120363,0.258914547000386,0.666666666666667,-0.0337768890415736,-0.0107063901358259,0.0672921339965847,-0.0477732755500471,0.215686274509804,0.828868031839351,0.18401,0.10411,0.02929
"10",2025,1246,1397,0,0.560321135344355,0.143327854780035,0.262683116967382,0.272292238763937,0.666666666666667,0.532349133990052,0.147052316643391,0.334247212170319,0.269837558423558,0.794117647058823,0.0279720013543034,-0.00372446186335562,-0.0715640952029371,0.00245468034037949,-0.127450980392157,0.418828271457933,0.18401,0.10411,0.17542
"11",2025,1277,1279,1,0.513585969142699,0.155751739652289,0.340008422994588,0.300123690496558,0.818181818181818,0.512051136527491,0.121370581903996,0.226911281339607,0.267865211059015,0.666666666666667,0.00153483261520748,0.0343811577482931,0.113097141654981,0.0322584794375429,0.151515151515152,0.784970106783249,0.18401,0.10411,0.04624
"12",2025,1112,1181,0,0.528454509553389,0.157714891547213,0.34341199848046,0.288120515741377,0.647058823529412,0.574670504826003,0.137988319813391,0.335700208477283,0.257277474639534,0.911764705882353,-0.0462159952726134,0.0197265717338223,0.00771179000317684,0.030843041101843,-0.264705882352941,0.347671262572418,0.18401,0.10411,0.12088
"13",2025,1116,1403,0,0.526474015326086,0.160676539212281,0.246243119976137,0.265998620595634,0.606060606060606,0.555402381769695,0.13834796427154,0.320822068899072,0.228771114097447,0.757575757575758,-0.0289283664436095,0.0223285749407409,-0.0745789489229345,0.0372275064981868,-0.151515151515151,0.193970374565406,0.18401,0.10411,0.03762
"14",2025,1104,1140,1,0.564049310941374,0.158482504605373,0.328017398389138,0.292238524822595,0.757575757575758,0.574216945197855,0.163094542688808,0.306380678377616,0.219543108531184,0.727272727272727,-0.0101676342564816,-0.00461203808343558,0.0216367200115221,0.0726954162914105,0.0303030303030303,0.657948440540428,0.18401,0.10411,0.117
"15",2025,1196,1268,1,0.551660383023361,0.143900621148158,0.365928642273673,0.238210253590618,0.882352941176471,0.536725175529676,0.138951937389941,0.292000178727091,0.254105954519412,0.757575757575758,0.0149352074936845,0.00494868375821611,0.0739284635465812,-0.0158957009287935,0.124777183600713,0.82523249596253,0.18401,0.10411,0.03054
"16",2025,1112,1332,1,0.528454509553389,0.157714891547213,0.34341199848046,0.288120515741377,0.647058823529412,0.523560840951969,0.151258521301234,0.275061637610578,0.260021723927509,0.727272727272727,0.00489366860142015,0.00645637024597942,0.0683503608698819,0.0280987918138679,-0.0802139037433155,0.73873960753017,0.18401,0.10411,0.06826
"17",2025,1277,1307,1,0.513585969142699,0.155751739652289,0.340008422994588,0.300123690496558,0.818181818181818,0.509756291063629,0.147817622854059,0.281845429792296,0.267697787748879,0.78125,0.00382967807906975,0.00793411679823,0.0581629932022913,0.0324259027476788,0.0369318181818182,0.735738448307705,0.18401,0.10411,0.06983
"18",2025,1161,1268,0,0.562013154922715,0.15973220345611,0.244958877981286,0.253183778741964,0.735294117647059,0.536725175529676,0.138951937389941,0.292000178727091,0.254105954519412,0.757575757575758,0.0252879793930386,0.0207802660661685,-0.0470413007458051,-0.000922175777447243,-0.0222816399286987,0.40041907950277,0.18401,0.10411,0.16034
"19",2025,1235,1279,0,0.546494968285338,0.163426700844336,0.300520652039776,0.296979629379183,0.727272727272727,0.512051136527491,0.121370581903996,0.226911281339607,0.267865211059015,0.666666666666667,0.0344438317578472,0.0420561189403402,0.0736093707001685,0.0291144183201681,0.0606060606060607,0.687787770944964,0.18401,0.10411,0.47305
"20",2025,1104,1388,1,0.564049310941374,0.158482504605373,0.328017398389138,0.292238524822595,0.757575757575758,0.509939761902795,0.139606956716078,0.38500864612982,0.223022732808659,0.84375,0.054109549038579,0.018875547889295,-0.0569912477406824,0.0692157920139362,-0.0861742424242424,0.389831000162675,0.18401,0.10411,0.37231
"21",2025,1228,1246,0,0.523125280858787,0.153329335348836,0.352303722905366,0.268706397768634,0.636363636363636,0.560321135344355,0.143327854780035,0.262683116967382,0.272292238763937,0.666666666666667,-0.0371958544855682,0.0100014805688008,0.0896206059379847,-0.00358584099530329,-0.0303030303030303,0.733620618448645,0.18401,0.10411,0.5382
"22",2025,1124,1181,0,0.516481431892854,0.148503262267856,0.3370882220264,0.235883615613016,0.5625,0.574670504826003,0.137988319813391,0.335700208477283,0.257277474639534,0.911764705882353,-0.0581890729331492,0.0105149424544657,0.00138801354911711,-0.0213938590265177,-0.349264705882353,0.343170161646088,0.18401,0.10411,0.11777
"23",2025,1163,1196,0,0.558816856897958,0.153140541536678,0.346152216441455,0.2475837205158,0.696969696969697,0.551660383023361,0.143900621148158,0.365928642273673,0.238210253590618,0.882352941176471,0.00715647387459684,0.00923992038852053,-0.0197764258322172,0.00937346692518165,-0.185383244206774,0.449631576007526,0.18401,0.10411,0.20217
"24",2025,1116,1385,1,0.526474015326086,0.160676539212281,0.246243119976137,0.265998620595634,0.606060606060606,0.498861730148121,0.145281672691741,0.353474897626827,0.214607622826398,0.882352941176471,0.0276122851779644,0.0153948665205396,-0.10723177765069,0.0513909977692361,-0.276292335115864,0.192976424639961,0.18401,0.10411,0.65129
"25",2025,1120,1166,1,0.559326455610864,0.129291875953304,0.329032436483157,0.251590548941967,0.848484848484849,0.562186983138736,0.169224964829887,0.251864591403182,0.213926828252994,0.705882352941177,-0.00286052752787158,-0.0399330888765832,0.0771678450799755,0.0376637206889725,0.142602495543672,0.910608320460042,0.18401,0.10411,0.00799
"26",2025,1140,1458,1,0.574216945197855,0.163094542688808,0.306380678377616,0.219543108531184,0.727272727272727,0.539062242840115,0.133581875141965,0.245626343029339,0.287936773457608,0.742857142857143,0.0351547023577407,0.0295126675468435,0.0607543353482766,-0.0683936649264241,-0.0155844155844156,0.717524321056896,0.18401,0.10411,0.07979
"27",2025,1211,1222,0,0.555606425184491,0.126484320287528,0.303226330049195,0.251463648652779,0.757575757575758,0.529548696858772,0.136570325684092,0.356662034116947,0.211141271450339,0.882352941176471,0.0260577283257185,-0.0100860053965641,-0.0534357040677526,0.0403223772024401,-0.124777183600713,0.490367451166492,0.18401,0.10411,0.24046
"28",2025,1397,1417,1,0.532349133990052,0.147052316643391,0.334247212170319,0.269837558423558,0.794117647058823,0.531244770019935,0.149608294814643,0.324187616086409,0.235391483875299,0.6875,0.0011043639701166,-0.00255597817125269,0.0100595960839093,0.0344460745482592,0.106617647058823,0.670973783930483,0.18401,0.10411,0.10826
"29",2025,1270,1345,0,0.531750350786647,0.152277598312818,0.337536395304223,0.260576608935199,0.806451612903226,0.563325585900346,0.147276715819918,0.289369900120363,0.258914547000386,0.666666666666667,-0.031575235113699,0.00500088249289993,0.0481664951838601,0.00166206193481322,0.139784946236559,0.703671823399702,0.18401,0.10411,0.49515
"30",2025,1276,1401,1,0.545745408373483,0.190471775789415,0.31661257733247,0.257568039086614,0.735294117647059,0.477170087761268,0.17149643170085,0.40118513057329,0.296437302476916,0.6875,0.0685753206122151,0.0189753440885649,-0.0845725532408196,-0.0388692633903017,0.0477941176470589,0.414324505351163,0.18401,0.10411,0.34302
"31",2025,1179,1403,0,0.540767366816442,0.159124395522967,0.35360617015849,0.306826191863428,0.903225806451613,0.555402381769695,0.13834796427154,0.320822068899072,0.228771114097447,0.757575757575758,-0.0146350149532531,0.0207764312514269,0.0327841012594179,0.078055077765981,0.145650048875855,0.594265429469364,0.18401,0.10411,0.35315
"32",2025,1163,1328,1,0.558816856897958,0.153140541536678,0.346152216441455,0.2475837205158,0.696969696969697,0.551187468791889,0.163865134371057,0.250611396808288,0.325871562852273,0.606060606060606,0.00762938810606906,-0.0107245928343785,0.0955408196331675,-0.0782878423364733,0.0909090909090909,0.893624495755158,0.18401,0.10411,0.01132
"33",2025,1228,1462,1,0.523125280858787,0.153329335348836,0.352303722905366,0.268706397768634,0.636363636363636,0.53937719424304,0.150874179966632,0.210826314914871,0.307102961653612,0.65625,-0.0162519133842532,0.00245515538220381,0.141477407990495,-0.0383965638849775,-0.0198863636363636,0.884509768243567,0.18401,0.10411,0.01334
"34",2025,1136,1277,0,0.50918166248744,0.157571727042579,0.334121993517178,0.221759226096373,0.65625,0.513585969142699,0.155751739652289,0.340008422994588,0.300123690496558,0.818181818181818,-0.00440430665525859,0.00181998739028985,-0.00588642947740947,-0.0783644644001843,-0.161931818181818,0.546923125979196,0.18401,0.10411,0.29912
"35",2025,1251,1332,0,0.585686079840263,0.146020083439477,0.175342587100834,0.207146336897827,0.806451612903226,0.523560840951969,0.151258521301234,0.275061637610578,0.260021723927509,0.727272727272727,0.062125238888294,-0.00523843786175626,-0.0997190505097441,-0.0528753870296816,0.0791788856304985,0.493654109783096,0.18401,0.10411,0.24369
"36",2025,1196,1313,1,0.551660383023361,0.143900621148158,0.365928642273673,0.238210253590618,0.882352941176471,0.526592500832652,0.169152130591995,0.281721448594385,0.302682387694748,0.67741935483871,0.0250678821907088,-0.0252515094438371,0.0842071936792878,-0.0644721341041295,0.204933586337761,0.927803611625377,0.18401,0.10411,0.00521
"37",2025,1246,1407,1,0.560321135344355,0.143327854780035,0.262683116967382,0.272292238763937,0.666666666666667,0.502645548398181,0.184707534704886,0.376435039067343,0.282265326247825,0.67741935483871,0.0576755869461744,-0.0413796799248507,-0.113751922099961,-0.0099730874838872,-0.010752688172043,0.581065273931409,0.18401,0.10411,0.17551
"38",2025,1266,1307,0,0.521195088928346,0.127767831009844,0.27816653449255,0.191768448326614,0.696969696969697,0.509756291063629,0.147817622854059,0.281845429792296,0.267697787748879,0.78125,0.0114387978647175,-0.0200497918442153,-0.00367889529974663,-0.0759293394222645,-0.084280303030303,0.708276650741659,0.18401,0.10411,0.50166
"39",2025,1103,1112,0,0.556969739241075,0.158810964059184,0.323229375161738,0.20715632595218,0.8125,0.528454509553389,0.157714891547213,0.34341199848046,0.288120515741377,0.647058823529412,0.0285152296876857,0.00109607251197061,-0.0201826233187214,-0.0809641897891962,0.165441176470588,0.67272660666212,0.18401,0.10411,0.45256
"40",2025,1181,1291,1,0.574670504826003,0.137988319813391,0.335700208477283,0.257277474639534,0.911764705882353,0.512487752894847,0.20580234079215,0.286596261282011,0.230863216873566,0.636363636363636,0.0621827519311555,-0.0678140209787596,0.0491039471952721,0.026414257765968,0.275401069518717,0.962496368476356,0.18401,0.10411,0.00141
"41",2025,1388,1435,1,0.509939761902795,0.139606956716078,0.38500864612982,0.223022732808659,0.84375,0.517346758055005,0.13769225255208,0.293406339632984,0.259151030355251,0.625,-0.00740699615220985,0.00191470416399744,0.0916023064968361,-0.0361282975465926,0.21875,0.85963635829416,0.18401,0.10411,0.0197
"42",2025,1279,1314,1,0.512051136527491,0.121370581903996,0.226911281339607,0.267865211059015,0.666666666666667,0.544044221504488,0.146055001529045,0.262087302719881,0.263251696053151,0.628571428571429,-0.0319930849769965,-0.0246844196250491,-0.0351760213802742,0.00461351500586399,0.0380952380952381,0.574702918091158,0.18401,0.10411,0.18088
"43",2025,1213,1268,0,0.515005355291541,0.174646221243298,0.301404591131036,0.332030269282398,0.78125,0.536725175529676,0.138951937389941,0.292000178727091,0.254105954519412,0.757575757575758,-0.0217198202381353,0.0356942838533565,0.00940441240394457,0.0779243147629866,0.0236742424242424,0.394104028751743,0.18401,0.10411,0.15532
"44",2025,1124,1280,1,0.516481431892854,0.148503262267856,0.3370882220264,0.235883615613016,0.5625,0.517912413135146,0.143444226107372,0.322853590142771,0.22587027068301,0.636363636363636,-0.00143098124229202,0.00505903616048431,0.0142346318836288,0.010013344930006,-0.0738636363636364,0.594843372962651,0.18401,0.10411,0.16415
"45",2025,1104,1352,1,0.564049310941374,0.158482504605373,0.328017398389138,0.292238524822595,0.757575757575758,0.517774475450358,0.175108730907031,0.3463233305809,0.283680104097841,0.757575757575758,0.0462748354910155,-0.0166262263016587,-0.0183059321917622,0.00855842072475366,0,0.710608203262274,0.18401,0.10411,0.08375
"46",2025,1235,1252,1,0.546494968285338,0.163426700844336,0.300520652039776,0.296979629379183,0.727272727272727,0.56466856995131,0.136253256861962,0.219437265920462,0.264115712600169,0.71875,-0.0181736016659719,0.0271734439823738,0.0810833861193134,0.0328639167790136,0.00852272727272729,0.668830734035596,0.18401,0.10411,0.10967
"47",2025,1161,1272,1,0.562013154922715,0.15973220345611,0.244958877981286,0.253183778741964,0.735294117647059,0.538244894128099,0.185030231815175,0.33606170395284,0.28045452356552,0.852941176470588,0.0237682607946155,-0.0252980283590646,-0.0911028259715537,-0.0272707448235551,-0.117647058823529,0.474046018069919,0.18401,0.10411,0.27663
"48",2025,1417,1429,1,0.531244770019935,0.149608294814643,0.324187616086409,0.235391483875299,0.6875,0.560984955527882,0.152654007576305,0.316152410573559,0.266634825197482,0.78125,-0.0297401855079463,-0.00304571276166121,0.00803520551285003,-0.0312433413221833,-0.09375,0.570920697998987,0.18401,0.10411,0.18411
"49",2025,1303,1385,0,0.535207843923689,0.150309076295207,0.276999487274566,0.273897078128592,0.625,0.498861730148121,0.145281672691741,0.353474897626827,0.214607622826398,0.882352941176471,0.0363461137755678,0.00502740360346562,-0.0764754103522606,0.0592894553021944,-0.257352941176471,0.319513699370029,0.18401,0.10411,0.10209
"50",2025,1276,1471,1,0.545745408373483,0.190471775789415,0.31661257733247,0.257568039086614,0.735294117647059,0.555341297708177,0.122415304205364,0.222710672206095,0.256861001258329,0.875,-0.00959588933469435,0.0680564715840514,0.0939019051263746,0.000707037828285295,-0.139705882352941,0.484822562827115,0.18401,0.10411,0.26541
"51",2025,1403,1423,1,0.555402381769695,0.13834796427154,0.320822068899072,0.228771114097447,0.757575757575758,0.523939372398974,0.151468367059031,0.345903797705139,0.294679319875653,0.78125,0.0314630093707211,-0.0131204027874913,-0.0250817288060673,-0.0659082057782053,-0.0236742424242424,0.668712348469991,0.18401,0.10411,0.10975
"52",2025,1179,1281,1,0.540767366816442,0.159124395522967,0.35360617015849,0.306826191863428,0.903225806451613,0.561078458169336,0.146506654738025,0.32072493388501,0.348078252003289,0.666666666666667,-0.0203110913528937,0.0126177407849417,0.0328812362734794,-0.0412520601398603,0.236559139784946,0.689353639564594,0.18401,0.10411,0.0965
"53",2025,1401,1463,1,0.477170087761268,0.17149643170085,0.40118513057329,0.296437302476916,0.6875,0.549060880795615,0.135476856175202,0.306291836801806,0.237706013675096,0.75,-0.0718907930343473,0.0360195755256482,0.0948932937714834,0.0587312888018201,-0.0625,0.535522073076344,0.18401,0.10411,0.21574
"54",2025,1116,1242,1,0.526474015326086,0.160676539212281,0.246243119976137,0.265998620595634,0.606060606060606,0.532972022959549,0.160219241460736,0.279905716270262,0.178716924682313,0.636363636363636,-0.00649800763346309,0.000457297751544739,-0.0336625962941251,0.0872816959133215,-0.0303030303030303,0.448661336244302,0.18401,0.10411,0.30397
"55",2025,1397,1459,1,0.532349133990052,0.147052316643391,0.334247212170319,0.269837558423558,0.794117647058823,0.53798931170623,0.153272024164723,0.333519332884982,0.215589908162003,0.53125,-0.00564017771617831,-0.00621970752133252,0.000727879285336575,0.0542476502615553,0.262867647058823,0.689661547596342,0.18401,0.10411,0.09631
"56",2025,1140,1433,1,0.574216945197855,0.163094542688808,0.306380678377616,0.219543108531184,0.727272727272727,0.527132874851559,0.162244835098871,0.362601752321378,0.245869338363209,0.818181818181818,0.0470840703462969,0.000849707589936799,-0.0562210739437626,-0.026326229832025,-0.0909090909090909,0.501718938047106,0.18401,0.10411,0.24828
"57",2025,1208,1211,0,0.525964752725198,0.178503448107631,0.339147084911043,0.295055651339036,0.625,0.555606425184491,0.126484320287528,0.303226330049195,0.251463648652779,0.757575757575758,-0.0296416724592931,0.0520191278201029,0.0359207548618487,0.0435920026862571,-0.132575757575758,0.341458055001752,0.18401,0.10411,0.11659
"58",2025,1106,1120,0,0.472919871104751,0.124090029740135,0.255312047089187,0.212485493904784,0.545454545454545,0.559326455610864,0.129291875953304,0.329032436483157,0.251590548941967,0.848484848484849,-0.0864065845061139,-0.00520184621316838,-0.07372038939397,-0.0391050550371833,-0.303030303030303,0.19960295497446,0.18401,0.10411,0.03984
"59",2025,1155,1270,0,0.540371551091487,0.149259779395051,0.317852412638886,0.218559673410391,0.818181818181818,0.531750350786647,0.152277598312818,0.337536395304223,0.260576608935199,0.806451612903226,0.00862120030484048,-0.00301781891776712,-0.0196839826653368,-0.0420169355248081,0.0117302052785925,0.597864234467287,0.18401,0.10411,0.35744
"60",2025,1285,1458,0,0.564916411045873,0.154153302171015,0.195782070566489,0.277676358053399,0.709677419354839,0.539062242840115,0.133581875141965,0.245626343029339,0.287936773457608,0.742857142857143,0.0258541682057577,0.0205714270290507,-0.0498442724628503,-0.0102604154042096,-0.0331797235023041,0.393945082573992,0.18401,0.10411,0.15519
"61",2025,1188,1222,0,0.494706941770181,0.158049617768099,0.287931781544238,0.236702478934068,0.633333333333333,0.529548696858772,0.136570325684092,0.356662034116947,0.211141271450339,0.882352941176471,-0.0348417550885907,0.0214792920840071,-0.0687302525727088,0.0255612074837295,-0.249019607843137,0.183425061570619,0.18401,0.10411,0.03364
"62",2025,1219,1345,0,0.568737152461295,0.145479735985851,0.321137734196672,0.297981137434768,0.84375,0.563325585900346,0.147276715819918,0.289369900120363,0.258914547000386,0.666666666666667,0.00541156656094943,-0.00179697983406679,0.0317678340763096,0.0390665904343823,0.177083333333333,0.74758332025049,0.18401,0.10411,0.55888
"63",2025,1166,1257,1,0.562186983138736,0.169224964829887,0.251864591403182,0.213926828252994,0.705882352941177,0.534679712182808,0.158109155379368,0.303635728475945,0.264689691303667,0.794117647058823,0.0275072709559284,0.0111158094505189,-0.0517711370727635,-0.0507628630506722,-0.088235294117647,0.434682610774186,0.18401,0.10411,0.31958
"64",2025,1400,1462,0,0.524916758684667,0.13723096796088,0.288455539100296,0.279011828163403,0.558823529411765,0.53937719424304,0.150874179966632,0.210826314914871,0.307102961653612,0.65625,-0.0144604355583734,-0.0136432120057521,0.0776292241854254,-0.028091133490209,-0.0974264705882353,0.813530142157258,0.18401,0.10411,0.66183
"65",2025,1110,1291,0,0.520061121723935,0.153940217960324,0.218681019614359,0.229854540200525,0.625,0.512487752894847,0.20580234079215,0.286596261282011,0.230863216873566,0.636363636363636,0.00757336882908743,-0.0518621228318264,-0.0679152416676522,-0.00100867667304089,-0.0113636363636364,0.669218855313853,0.18401,0.10411,0.44785
"66",2025,1106,1384,1,0.472919871104751,0.124090029740135,0.255312047089187,0.212485493904784,0.545454545454545,0.517590685937673,0.185069975826323,0.234800473303465,0.177098461019618,0.433333333333333,-0.0446708148329229,-0.0609799460861876,0.0205115737857216,0.0353870328851658,0.112121212121212,0.844125283003847,0.18401,0.10411,0.0243
"67",2025,1314,1361,1,0.544044221504488,0.146055001529045,0.262087302719881,0.263251696053151,0.628571428571429,0.508449941246112,0.150123770718689,0.263929461795502,0.217962890448162,0.689655172413793,0.0355942802583757,-0.00406876918964363,-0.0018421590756208,0.0452888056049888,-0.0610837438423646,0.651936948851645,0.18401,0.10411,0.12115
"68",2025,3163,3376,1,0.580455170069479,0.150574918411195,0.30463717830049,0.141520372229467,0.911764705882353,0.510168557757891,0.16237792368341,0.375226340276187,0.204471772723519,0.909090909090909,0.0702866123115874,-0.0118030052722158,-0.0705891619756964,-0.0629514004940528,0.00267379679144386,0.559409850297982,0.18401,0.10411,0.19412
"69",2025,3376,3400,1,0.510168557757891,0.16237792368341,0.375226340276187,0.204471772723519,0.909090909090909,0.4852857365219,0.176657003106483,0.426244822572178,0.268044996201154,0.911764705882353,0.0248828212359918,-0.0142790794230726,-0.0510184822959908,-0.0635732234776343,-0.00267379679144386,0.436943265250095,0.18401,0.10411,0.31703
"70",2025,3163,3417,1,0.580455170069479,0.150574918411195,0.30463717830049,0.141520372229467,0.911764705882353,0.535479946585097,0.204014878539443,0.390942178087061,0.188728449300077,0.9375,0.0449752234843819,-0.0534399601282488,-0.086304999786571,-0.0472080770706106,-0.0257352941176471,0.632313861792257,0.18401,0.10411,0.13519
"71",2025,3395,3400,0,0.553554972994098,0.167427404857091,0.331216018340663,0.189534446320074,0.911764705882353,0.4852857365219,0.176657003106483,0.426244822572178,0.268044996201154,0.911764705882353,0.0682692364721986,-0.00922959824939223,-0.0950288042315143,-0.0785105498810793,0,0.448152801743867,0.18401,0.10411,0.20084
"72",2025,3163,3425,1,0.580455170069479,0.150574918411195,0.30463717830049,0.141520372229467,0.911764705882353,0.495292359510145,0.184814528608064,0.368283746454987,0.254154507082286,0.903225806451613,0.085162810559334,-0.0342396101968697,-0.0636465681544967,-0.112634134852819,0.00853889943074004,0.69445650266393,0.18401,0.10411,0.09336
"73",2025,3181,3376,0,0.495740167954778,0.200486704386335,0.395352196598055,0.171225074362095,0.787878787878788,0.510168557757891,0.16237792368341,0.375226340276187,0.204471772723519,0.909090909090909,-0.0144283898031138,0.0381087807029244,0.0201258563218686,-0.0332466983614245,-0.121212121212121,0.319959666818532,0.18401,0.10411,0.10237
"74",2025,3261,3417,0,0.490314699074044,0.184357380321133,0.408343902181127,0.239428328995217,0.848484848484849,0.535479946585097,0.204014878539443,0.390942178087061,0.188728449300077,0.9375,-0.0451652475110524,-0.0196574982183101,0.0174017240940653,0.05069987969514,-0.0890151515151515,0.523757561235932,0.18401,0.10411,0.27432
"75",2025,3243,3425,0,0.55779568187086,0.169823153069547,0.284022970855342,0.16831930446897,0.787878787878788,0.495292359510145,0.184814528608064,0.368283746454987,0.254154507082286,0.903225806451613,0.0625033223607153,-0.0149913755385175,-0.0842607755996454,-0.0858352026133155,-0.115347018572825,0.530773807826585,0.18401,0.10411,0.28172
"76",2025,3323,3395,0,0.542270176042288,0.193836472059826,0.335515794077685,0.190805354205315,0.838709677419355,0.553554972994098,0.167427404857091,0.331216018340663,0.189534446320074,0.911764705882353,-0.0112847969518104,0.0264090672027347,0.00429977573702139,0.00127090788524095,-0.0730550284629981,0.350759420177226,0.18401,0.10411,0.12303
"77",2025,3397,3400,0,0.50563407706933,0.172739597055575,0.381799166687841,0.160157136044786,0.709677419354839,0.4852857365219,0.176657003106483,0.426244822572178,0.268044996201154,0.911764705882353,0.0203483405474303,-0.00391740605090846,-0.0444456558843364,-0.107887860156367,-0.202087286527514,0.434334325569781,0.18401,0.10411,0.18865
"78",2025,3163,3328,1,0.580455170069479,0.150574918411195,0.30463717830049,0.141520372229467,0.911764705882353,0.524637402354005,0.222221372878197,0.359992811027795,0.211766840052565,0.78125,0.0558177677154735,-0.0716464544670025,-0.0553556327273046,-0.070246467823098,0.130514705882353,0.749657326418801,0.18401,0.10411,0.06267
"79",2025,3279,3417,0,0.484796213110824,0.181906156722278,0.39672211087107,0.234808440985833,0.666666666666667,0.535479946585097,0.204014878539443,0.390942178087061,0.188728449300077,0.9375,-0.0506837334742729,-0.0221087218171651,0.00577993278400812,0.0460799916857564,-0.270833333333333,0.554871799918184,0.18401,0.10411,0.30788
"80",2025,3181,3314,1,0.495740167954778,0.200486704386335,0.395352196598055,0.171225074362095,0.787878787878788,0.485842503614751,0.176623958043453,0.293838337756517,0.168036690694787,0.794117647058823,0.00989766434002642,0.023862746342882,0.101513858841539,0.00318838366730739,-0.00623885918003564,0.710329676475394,0.18401,0.10411,0.08391
"81",2025,3268,3376,0,0.517383766335477,0.212234315144402,0.370227701920539,0.279309687115439,0.766666666666667,0.510168557757891,0.16237792368341,0.375226340276187,0.204471772723519,0.909090909090909,0.00721520857758517,0.0498563914609915,-0.00499863835564807,0.0748379143919201,-0.142424242424242,0.388692275691731,0.18401,0.10411,0.15108
"82",2025,3261,3301,1,0.490314699074044,0.184357380321133,0.408343902181127,0.239428328995217,0.848484848484849,0.502905319416688,0.155425121929894,0.279882359365539,0.17786147879135,0.8125,-0.0125906203426436,0.0289322583912398,0.128461542815588,0.0615668502038668,0.0359848484848485,0.709546481489521,0.18401,0.10411,0.08436
"83",2025,3280,3425,0,0.516661606539039,0.222299527262443,0.363602017805937,0.185677260345143,0.65625,0.495292359510145,0.184814528608064,0.368283746454987,0.254154507082286,0.903225806451613,0.0213692470288941,0.0374849986543788,-0.00468172864905059,-0.0684772467371426,-0.246975806451613,0.417462686300904,0.18401,0.10411,0.17428
"84",2025,3314,3452,1,0.485842503614751,0.176623958043453,0.293838337756517,0.168036690694787,0.794117647058823,0.510855356850001,0.206177278837673,0.341357845579656,0.233567462678722,0.774193548387097,-0.0250128532352503,-0.0295533207942203,-0.047519507823139,-0.065530771983935,0.0199240986717267,0.304213115044373,0.18401,0.10411,0.48412
"85",2025,3163,3355,1,0.580455170069479,0.150574918411195,0.30463717830049,0.141520372229467,0.911764705882353,0.553300871717938,0.178229890572231,0.269883313964604,0.218104525687248,0.9,0.0271542983515413,-0.0276549721610362,0.0347538643358863,-0.0765841534577813,0.0117647058823529,0.738661551955496,0.18401,0.10411,0.0683
"86",2025,3277,3301,0,0.503139943652888,0.192030826857882,0.322610455986816,0.247133879736571,0.7,0.502905319416688,0.155425121929894,0.279882359365539,0.17786147879135,0.8125,0.000234624236200243,0.036605704927988,0.0427280966212772,0.069272400945221,-0.1125,0.550811014832945,0.18401,0.10411,0.30339
"87",2025,3228,3400,0,0.483879620172803,0.17047583737882,0.285592882511179,0.264398239116493,0.7,0.4852857365219,0.176657003106483,0.426244822572178,0.268044996201154,0.911764705882353,-0.00140611634909626,-0.0061811657276635,-0.140651940060998,-0.00364675708466022,-0.211764705882353,0.203814852935411,0.18401,0.10411,0.04154
"88",2025,3234,3328,0,0.526952519986512,0.208745861477399,0.290478052299454,0.221494280604749,0.6875,0.524637402354005,0.222221372878197,0.359992811027795,0.211766840052565,0.78125,0.00231511763250658,-0.0134755114007982,-0.0695147587283414,0.00972744055218472,-0.09375,0.393260480328173,0.18401,0.10411,0.15465
"89",2025,3104,3268,0,0.535569795549787,0.186608452278784,0.307251244626084,0.194052749563039,0.741935483870968,0.517383766335477,0.212234315144402,0.370227701920539,0.279309687115439,0.766666666666667,0.0181860292143106,-0.0256258628656182,-0.0629764572944543,-0.0852569375524002,-0.024731182795699,0.415909741075051,0.18401,0.10411,0.17298
"90",2025,3199,3261,0,0.504657308547915,0.13718167907147,0.287049468591738,0.215465487113871,0.741935483870968,0.490314699074044,0.184357380321133,0.408343902181127,0.239428328995217,0.848484848484849,0.0143426094738706,-0.0471757012496638,-0.121294433589389,-0.0239628418813456,-0.106549364613881,0.423179175988786,0.18401,0.10411,0.17908
"91",2025,3350,3417,0,0.579024233227887,0.205382769628275,0.266241262613617,0.196312191323915,0.818181818181818,0.535479946585097,0.204014878539443,0.390942178087061,0.188728449300077,0.9375,0.04354428664279,0.00136789108883195,-0.124700915473445,0.00758374202383788,-0.119318181818182,0.341667644767713,0.18401,0.10411,0.11674
"92",2025,3326,3397,0,0.499834353750109,0.158332635926883,0.270682266489772,0.210917949252095,0.8,0.50563407706933,0.172739597055575,0.381799166687841,0.160157136044786,0.709677419354839,-0.00579972331922129,-0.0144069611286915,-0.111116900198069,0.0507608132073085,0.0903225806451613,0.222568071256913,0.18401,0.10411,0.04954
"93",2025,3124,3279,0,0.509776039556032,0.179357920396294,0.348543954910124,0.191327147876489,0.794117647058823,0.484796213110824,0.181906156722278,0.39672211087107,0.234808440985833,0.666666666666667,0.0249798264452077,-0.00254823632598461,-0.048178155960946,-0.0434812931093449,0.127450980392157,0.352157810415684,0.18401,0.10411,0.12402
"94",2025,3257,3395,0,0.482151188079592,0.206795822142545,0.373430497044172,0.202012710875109,0.67741935483871,0.553554972994098,0.167427404857091,0.331216018340663,0.189534446320074,0.911764705882353,-0.0714037849145067,0.0393684172854538,0.0422144787035092,0.0124782645550343,-0.234345351043643,0.248305490371293,0.18401,0.10411,0.06166
"95",2025,3181,3332,1,0.495740167954778,0.200486704386335,0.395352196598055,0.171225074362095,0.787878787878788,0.466528766902501,0.178458538124906,0.285566860978373,0.18249920052005,0.633333333333333,0.0292114010522767,0.0220281662614293,0.109785335619683,-0.0112741261579547,0.154545454545455,0.734718248896316,0.18401,0.10411,0.07037
"96",2025,3276,3323,0,0.514467176952465,0.197320916987854,0.328453498914175,0.208362185136093,0.6875,0.542270176042288,0.193836472059826,0.335515794077685,0.190805354205315,0.838709677419355,-0.0278029990898229,0.00348444492802874,-0.00706229516350976,0.0175568309307776,-0.151209677419355,0.405726474769973,0.18401,0.10411,0.16461
"97",2025,3243,3246,1,0.55779568187086,0.169823153069547,0.284022970855342,0.16831930446897,0.787878787878788,0.516670548581511,0.175782350551703,0.272754002550992,0.184760429528509,0.758620689655172,0.0411251332893492,-0.00595919748215565,0.0112689683043495,-0.0164411250595389,0.0292580982236155,0.68297893304812,0.18401,0.10411,0.1005
"98",2025,3231,3376,0,0.522528343476046,0.194634296853326,0.190557168558415,0.229146733874265,0.612903225806452,0.510168557757891,0.16237792368341,0.375226340276187,0.204471772723519,0.909090909090909,0.0123597857181545,0.0322563731699152,-0.184669171717772,0.0246749611507454,-0.296187683284457,0.103119138109507,0.18401,0.10411,0.01063
"99",2025,3166,3228,0,0.52911832664209,0.155792685147431,0.231903257839994,0.145156540743554,0.8125,0.483879620172803,0.17047583737882,0.285592882511179,0.264398239116493,0.7,0.0452387064692866,-0.0146831522313889,-0.0536896246711849,-0.119241698372939,0.1125,0.411542734563165,0.18401,0.10411,0.16937
"100",2025,3199,3206,1,0.504657308547915,0.13718167907147,0.287049468591738,0.215465487113871,0.741935483870968,0.483468043253541,0.157601998178907,0.319593926862707,0.237725964701153,0.838709677419355,0.0211892652943743,-0.020420319107437,-0.0325444582709688,-0.0222604775872811,-0.0967741935483871,0.591780987390712,0.18401,0.10411,0.16664
"101",2025,3400,3456,1,0.4852857365219,0.176657003106483,0.426244822572178,0.268044996201154,0.911764705882353,0.438707650151853,0.217332126032455,0.256662989188663,0.156907795190154,0.4375,0.0465780863700467,-0.0406751229259723,0.169581833383515,0.111137201010999,0.474264705882353,0.960979171375651,0.18401,0.10411,0.00152
"102",2025,3261,3361,1,0.490314699074044,0.184357380321133,0.408343902181127,0.239428328995217,0.848484848484849,0.482775194844121,0.180788398623397,0.271984627597319,0.213019979578777,0.71875,0.00753950422992355,0.00356898169773645,0.136359274583808,0.0264083494164405,0.129734848484849,0.822358233756114,0.18401,0.10411,0.03156
"103",2025,3329,3355,0,0.50983752527912,0.198595923630966,0.326023907032373,0.228500192770192,0.806451612903226,0.553300871717938,0.178229890572231,0.269883313964604,0.218104525687248,0.9,-0.0434633464388179,0.0203660330587354,0.0561405930677694,0.0103956670829442,-0.0935483870967743,0.416108395133675,0.18401,0.10411,0.17315
"104",2025,3268,3313,1,0.517383766335477,0.212234315144402,0.370227701920539,0.279309687115439,0.766666666666667,0.484059696612611,0.191994887897048,0.323288182853872,0.182941760127117,0.875,0.0333240697228661,0.0202394272473543,0.0469395190666671,0.0963679269883227,-0.108333333333333,0.778674612083818,0.18401,0.10411,0.04898
"105",2025,3217,3277,0,0.486078094156147,0.170873594923071,0.352795367956111,0.167926586588135,0.857142857142857,0.503139943652888,0.192030826857882,0.322610455986816,0.247133879736571,0.7,-0.0170618494967409,-0.0211572319348103,0.0301849119692949,-0.0792072931484368,0.157142857142857,0.450941094407653,0.18401,0.10411,0.20335
"106",2025,3314,3333,1,0.485842503614751,0.176623958043453,0.293838337756517,0.168036690694787,0.794117647058823,0.460556779721224,0.212225661522033,0.279058318574538,0.221193755425912,0.545454545454545,0.0252857238935272,-0.0356017034785797,0.0147800191819791,-0.0531570647311245,0.248663101604278,0.639048356149948,0.18401,0.10411,0.13029
"107",2025,3143,3280,0,0.534275081683927,0.236921596404655,0.315358286617413,0.205465191999932,0.757575757575758,0.516661606539039,0.222299527262443,0.363602017805937,0.185677260345143,0.65625,0.0176134751448882,0.0146220691422114,-0.0482437311885234,0.0197879316547884,0.101325757575758,0.31441937449302,0.18401,0.10411,0.09886
"108",2025,3234,3293,1,0.526952519986512,0.208745861477399,0.290478052299454,0.221494280604749,0.6875,0.533944493821974,0.161528349962926,0.274455800062357,0.250161257503497,0.78125,-0.00699197383546213,0.0472175115144728,0.0160222522370964,-0.0286669768987483,-0.09375,0.291461333754008,0.18401,0.10411,0.50203
"109",2025,3117,3163,0,0.465341585907675,0.202916635089509,0.300361728843692,0.184234424075529,0.666666666666667,0.580455170069479,0.150574918411195,0.30463717830049,0.141520372229467,0.911764705882353,-0.115113584161803,0.0523417166783139,-0.0042754494567982,0.0427140518460627,-0.245098039215686,0.0714081408458609,0.18401,0.10411,0.0051
"110",2025,3104,3453,1,0.535569795549787,0.186608452278784,0.307251244626084,0.194052749563039,0.741935483870968,0.500674638588391,0.162336911494859,0.290162556100258,0.196666899440662,0.84375,0.0348951569613966,0.0242715407839245,0.0170886885258261,-0.00261414987762285,-0.101814516129032,0.605626458206906,0.18401,0.10411,0.15553
"111",2025,3162,3452,0,0.498750148149205,0.183341940122674,0.412169210814038,0.168543722404011,0.793103448275862,0.510855356850001,0.206177278837673,0.341357845579656,0.233567462678722,0.774193548387097,-0.0121052087007963,-0.0228353387149995,0.0708113652343818,-0.065023740274711,0.0189098998887653,0.676897131744496,0.18401,0.10411,0.45819
"112",2025,3301,3436,1,0.502905319416688,0.155425121929894,0.279882359365539,0.17786147879135,0.8125,0.519036444911255,0.181426518129405,0.257243007469323,0.151458438579375,0.65625,-0.0161311254945667,-0.0260013961995116,0.0226393518962154,0.0264030402119754,0.15625,0.560440873969965,0.18401,0.10411,0.19321
"113",2025,3195,3328,0,0.510370561462259,0.171697423929927,0.317831082578791,0.201574207911839,0.903225806451613,0.524637402354005,0.222221372878197,0.359992811027795,0.211766840052565,0.78125,-0.0142668408917459,-0.0505239489482704,-0.0421617284490039,-0.0101926321407256,0.121975806451613,0.468509957365542,0.18401,0.10411,0.2195
"114",2025,3422,3425,0,0.453328033347649,0.192914337404135,0.329731238247931,0.225938185981893,0.777777777777778,0.495292359510145,0.184814528608064,0.368283746454987,0.254154507082286,0.903225806451613,-0.0419643261624962,0.0080998087960702,-0.0385525082070561,-0.0282163211003928,-0.125448028673835,0.207323248128688,0.18401,0.10411,0.04298
"115",2025,3181,3250,1,0.495740167954778,0.200486704386335,0.395352196598055,0.171225074362095,0.787878787878788,0.517155075875212,0.201619124993018,0.231487346000658,0.250874708975912,0.8125,-0.0214149079204346,-0.00113242060668356,0.163864850597397,-0.079649634613817,-0.0246212121212122,0.790170768304378,0.18401,0.10411,0.04403
"116",2025,3380,3417,0,0.408708563290614,0.193429609384075,0.284597581309328,0.207688348736202,0.5625,0.535479946585097,0.204014878539443,0.390942178087061,0.188728449300077,0.9375,-0.126771383294483,-0.010585269155368,-0.106344596777733,0.0189598994361247,-0.375,0.0663197200722298,0.18401,0.10411,0.0044
"117",2025,3332,3435,1,0.466528766902501,0.178458538124906,0.285566860978373,0.18249920052005,0.633333333333333,0.500594121659699,0.175573927940794,0.363044336065532,0.228156102147461,0.6875,-0.0340653547571984,0.00288461018411162,-0.0774774750871592,-0.0456569016274119,-0.0541666666666667,0.143713002543954,0.18401,0.10411,0.73323
"118",2025,3286,3326,0,0.489870245678282,0.196847904722682,0.293111238692812,0.233285832312353,0.903225806451613,0.499834353750109,0.158332635926883,0.270682266489772,0.210917949252095,0.8,-0.00996410807182713,0.0385152687957989,0.0224289722030405,0.0223678830602584,0.103225806451613,0.299646644783758,0.18401,0.10411,0.08979
"119",2025,3257,3304,1,0.482151188079592,0.206795822142545,0.373430497044172,0.202012710875109,0.67741935483871,0.518929370821821,0.19222678624224,0.317022273473265,0.222521693512964,0.65625,-0.0367781827422299,0.0145690359003042,0.0564082235709073,-0.0205089826378555,0.0211693548387096,0.392075199394994,0.18401,0.10411,0.36957
"120",2025,3123,3279,0,0.503585822470223,0.195682914226961,0.268109569434133,0.21746107493777,0.787878787878788,0.484796213110824,0.181906156722278,0.39672211087107,0.234808440985833,0.666666666666667,0.0187896093593986,0.0137767575046828,-0.128612541436936,-0.0173473660480635,0.121212121212121,0.127235747803163,0.18401,0.10411,0.01619
"121",2025,3210,3350,0,0.50432596566189,0.158879347032814,0.334413144767122,0.15781614601252,0.6875,0.579024233227887,0.205382769628275,0.266241262613617,0.196312191323915,0.818181818181818,-0.0746982675659968,-0.0465034225954615,0.0681718821535051,-0.0384960453113949,-0.130681818181818,0.614336372283262,0.18401,0.10411,0.37741
"122",2025,3378,3397,0,0.462662696557508,0.193935320226616,0.327383669324339,0.185895175762119,0.696969696969697,0.50563407706933,0.172739597055575,0.381799166687841,0.160157136044786,0.709677419354839,-0.0429713805118215,0.021195723171041,-0.0544154973635026,0.0257380397173323,-0.0127077223851417,0.140727439477263,0.18401,0.10411,0.0198
"123",2025,3193,3243,0,0.53839383657923,0.186120603995419,0.270743585637246,0.14967800344115,0.870967741935484,0.55779568187086,0.169823153069547,0.284022970855342,0.16831930446897,0.787878787878788,-0.01940184529163,0.0162974509258718,-0.0132793852180958,-0.0186413010278199,0.083088954056696,0.241784839699109,0.18401,0.10411,0.05846
"124",2025,3124,3213,1,0.509776039556032,0.179357920396294,0.348543954910124,0.191327147876489,0.794117647058823,0.547601090184823,0.205835001064297,0.298148806470414,0.203380158691776,0.9375,-0.0378250506287907,-0.0264770806680037,0.0503951484397093,-0.0120530108152872,-0.143382352941177,0.650100632011901,0.18401,0.10411,0.12243
"125",2025,3192,3395,0,0.484901398550693,0.171203671456853,0.334143872974848,0.182832785228974,0.9,0.553554972994098,0.167427404857091,0.331216018340663,0.189534446320074,0.911764705882353,-0.0686535744434049,0.0037762665997618,0.00292785463418477,-0.00670166109110015,-0.0117647058823529,0.209180420059319,0.18401,0.10411,0.04376
"126",2025,3376,3399,1,0.510168557757891,0.16237792368341,0.375226340276187,0.204471772723519,0.909090909090909,0.495208718098651,0.224274982645871,0.330029219112737,0.289081888989182,0.827586206896552,0.0149598396592407,-0.0618970589624607,0.0451971211634495,-0.0846101162656627,0.0815047021943573,0.813683174323728,0.18401,0.10411,0.03471
"127",2025,3235,3276,0,0.543664785297553,0.189090466134582,0.237679827765466,0.253381678631746,0.666666666666667,0.514467176952465,0.197320916987854,0.328453498914175,0.208362185136093,0.6875,0.0291976083450886,-0.00823045085327204,-0.090773671148709,0.0450194934956532,-0.0208333333333334,0.418903245652035,0.18401,0.10411,0.17548
"128",2025,3246,3251,1,0.516670548581511,0.175782350551703,0.272754002550992,0.184760429528509,0.758620689655172,0.51781496025534,0.23505548526854,0.352392022680354,0.183761788314121,0.8,-0.00114441167382917,-0.0592731347168371,-0.0796380201293614,0.000998641214388279,-0.0413793103448277,0.539053034660738,0.18401,0.10411,0.21247
"129",2025,3231,3428,1,0.522528343476046,0.194634296853326,0.190557168558415,0.229146733874265,0.612903225806452,0.549198485318993,0.214374642264024,0.300459401546702,0.206341029054552,0.733333333333333,-0.0266701418429474,-0.0197403454106979,-0.109902232988287,0.0228057048197123,-0.120430107526882,0.228654723667289,0.18401,0.10411,0.59497
"130",2025,3323,3372,1,0.542270176042288,0.193836472059826,0.335515794077685,0.190805354205315,0.838709677419355,0.54099086040427,0.2390815062856,0.292085861389148,0.277360750846499,0.84375,0.00127931563801742,-0.0452450342257743,0.0434299326885365,-0.0865553966411833,-0.00504032258064513,0.737986197907254,0.18401,0.10411,0.06865
"131",2025,3219,3456,0,0.494777532508214,0.216051441859244,0.208562168417635,0.225929283527703,0.633333333333333,0.438707650151853,0.217332126032455,0.256662989188663,0.156907795190154,0.4375,0.056069882356361,-0.00128068417321126,-0.0481008207710285,0.0690214883375489,0.195833333333333,0.557118660658023,0.18401,0.10411,0.31038
"132",2025,3162,3449,1,0.498750148149205,0.183341940122674,0.412169210814038,0.168543722404011,0.793103448275862,0.546714376177622,0.20473241562691,0.315317822981842,0.132611320307546,0.59375,-0.0479642280284168,-0.0213904755042366,0.0968513878321954,0.0359324020964651,0.199353448275862,0.617035487753942,0.18401,0.10411,0.14666
"133",2025,3380,3471,1,0.408708563290614,0.193429609384075,0.284597581309328,0.207688348736202,0.5625,0.431625928673434,0.195959395874602,0.266770826765222,0.195346853360142,0.545454545454545,-0.0229173653828196,-0.00252978649052676,0.0178267545441064,0.0123414953760594,0.0170454545454546,0.450340779908758,0.18401,0.10411,0.30213
"134",2025,3235,3343,1,0.543664785297553,0.189090466134582,0.237679827765466,0.253381678631746,0.666666666666667,0.525231768259631,0.217645040830719,0.347603825202941,0.176452905168329,0.75,0.0184330170379222,-0.0285545746961366,-0.109923997437475,0.0769287734634174,-0.0833333333333334,0.47301639637937,0.18401,0.10411,0.27771
