ID,TeamName.1,TeamName.2,Actual,Pred_Override,Pred_Base,Brier_Override,Brier_Base,Override_Applied
2026_1103_1403,Akron,Texas Tech,0,0.18955,0.18955,0.03593,0.03593,0
2026_1104_1220,Alabama,Hofstra,1,0.85627,0.85627,0.02066,0.02066,0
2026_1104_1276,Alabama,Michigan,0,0.24432,0.24432,0.05969,0.05969,0
2026_1104_1403,Alabama,Texas Tech,1,0.50845,0.50845,0.24162,0.24162,0
2026_1112_1116,Arizona,Arkansas,1,0.75996,0.75996,0.05762,0.05762,0
2026_1112_1254,Arizona,LIU Brooklyn,1,1,0.99498,0,3e-05,1
2026_1112_1276,Arizona,Michigan,0,0.49547,0.49547,0.24549,0.24549,0
2026_1112_1345,Arizona,Purdue,1,0.64092,0.64092,0.12894,0.12894,0
2026_1112_1429,Arizona,Utah St,1,1,0.85012,0,0.02246,1
2026_1116_1218,Arkansas,Hawaii,1,0.89014,0.89014,0.01207,0.01207,0
2026_1116_1219,Arkansas,High Point,1,0.86918,0.86918,0.01711,0.01711,0
2026_1140_1400,BYU,Texas,0,0.58764,0.58764,0.34532,0.34532,0
2026_1155_1234,Clemson,Iowa,0,0.38804,0.38804,0.15058,0.15058,0
2026_1163_1181,Connecticut,Duke,1,0.2648,0.2648,0.54052,0.54052,0
2026_1163_1202,Connecticut,Furman,1,1,0.96957,0,0.00093,1
2026_1163_1228,Connecticut,Illinois,1,0.37251,0.37251,0.39374,0.39374,0
2026_1163_1276,Connecticut,Michigan,0,0.27799,0.27799,0.07728,0.07728,0
2026_1163_1277,Connecticut,Michigan St,1,0.48399,0.48399,0.26627,0.26627,0
2026_1163_1417,Connecticut,UCLA,1,0.65171,0.65171,0.12131,0.12131,0
2026_1181_1373,Duke,Siena,1,1,0.9948,0,3e-05,1
2026_1181_1385,Duke,St John's,1,0.79532,0.79532,0.04189,0.04189,0
2026_1181_1395,Duke,TCU,1,1,0.90218,0,0.00957,1
2026_1196_1234,Florida,Iowa,0,1,0.73735,1,0.54369,1
2026_1196_1341,Florida,Prairie View,1,1,0.99703,0,1e-05,1
2026_1208_1387,Georgia,St Louis,0,0.5638,0.5638,0.31787,0.31787,0
2026_1211_1244,Gonzaga,Kennesaw,1,0.95545,0.95545,0.00198,0.00198,0
2026_1211_1400,Gonzaga,Texas,0,0.67697,0.67697,0.45829,0.45829,0
2026_1219_1458,High Point,Wisconsin,1,0.16528,0.16528,0.69676,0.69676,0
2026_1222_1225,Houston,Idaho,1,1,0.97607,0,0.00057,1
2026_1222_1228,Houston,Illinois,0,0.51233,0.51233,0.26248,0.26248,0
2026_1222_1401,Houston,Texas A&M,1,0.81307,0.81307,0.03494,0.03494,0
2026_1224_1276,Howard,Michigan,0,0,0.00613,0,4e-05,1
2026_1228_1234,Illinois,Iowa,1,0.72496,0.72496,0.07565,0.07565,0
2026_1228_1335,Illinois,Penn,1,0.97795,0.97795,0.00049,0.00049,0
2026_1228_1433,Illinois,VCU,1,0.85446,0.85446,0.02118,0.02118,0
2026_1234_1304,Iowa,Nebraska,1,0.42054,0.42054,0.33577,0.33577,0
2026_1235_1246,Iowa St,Kentucky,1,0.75304,0.75304,0.06099,0.06099,0
2026_1235_1397,Iowa St,Tennessee,0,0.64566,0.64566,0.41688,0.41688,0
2026_1235_1398,Iowa St,Tennessee St,1,1,0.98664,0,0.00018,1
2026_1242_1385,Kansas,St John's,0,0.48855,0.48855,0.23868,0.23868,0
2026_1242_1465,Kansas,Cal Baptist,1,0.88525,0.88525,0.01317,0.01317,0
2026_1246_1365,Kentucky,Santa Clara,1,0.57069,0.57069,0.18431,0.18431,0
2026_1257_1277,Louisville,Michigan St,0,0.4417,0.4417,0.1951,0.1951,0
2026_1257_1378,Louisville,South Florida,1,0.74222,0.74222,0.06645,0.06645,0
2026_1270_1435,McNeese St,Vanderbilt,0,0.15809,0.15809,0.02499,0.02499,0
2026_1274_1281,Miami FL,Missouri,1,0.61393,0.61393,0.14905,0.14905,0
2026_1274_1345,Miami FL,Purdue,0,0.25519,0.25519,0.06512,0.06512,0
2026_1275_1397,Miami OH,Tennessee,0,0.10809,0.10809,0.01168,0.01168,0
2026_1276_1387,Michigan,St Louis,1,1,0.8779,0,0.01491,1
2026_1276_1397,Michigan,Tennessee,1,0.7388,0.7388,0.06823,0.06823,0
2026_1277_1295,Michigan St,N Dakota St,1,0.93095,0.93095,0.00477,0.00477,0
2026_1304_1407,Nebraska,Troy,1,0.94329,0.94329,0.00322,0.00322,0
2026_1304_1435,Nebraska,Vanderbilt,1,0.47536,0.47536,0.27525,0.27525,0
2026_1314_1433,North Carolina,VCU,0,0.61735,0.61735,0.38112,0.38112,0
2026_1320_1385,Northern Iowa,St John's,0,0.20872,0.20872,0.04356,0.04356,0
2026_1326_1395,Ohio St,TCU,0,0.62517,0.62517,0.39084,0.39084,0
2026_1345_1400,Purdue,Texas,1,0.75313,0.75313,0.06094,0.06094,0
2026_1345_1474,Purdue,Queens NC,1,1,0.98011,0,4e-04,1
2026_1388_1401,St Mary's CA,Texas A&M,0,0.58435,0.58435,0.34146,0.34146,0
2026_1397_1438,Tennessee,Virginia,1,0.52252,0.52252,0.22799,0.22799,0
2026_1416_1417,UCF,UCLA,0,0.35267,0.35267,0.12438,0.12438,0
2026_1429_1437,Utah St,Villanova,1,0.4997,0.4997,0.2503,0.2503,0
2026_1438_1460,Virginia,Wright St,1,0.93773,0.93773,0.00388,0.00388,0
2026_3104_3257,Alabama,Louisville,0,0.2686,0.2686,0.07215,0.07215,0
2026_3104_3348,Alabama,Rhode Island,1,0.74646,0.74646,0.06428,0.06428,0
2026_3124_3181,Baylor,Duke,0,0.19308,0.19308,0.03728,0.03728,0
2026_3124_3304,Baylor,Nebraska,1,0.40218,0.40218,0.35739,0.35739,0
2026_3155_3425,Clemson,USC,0,0.24206,0.24206,0.05859,0.05859,0
2026_3158_3181,Col Charleston,Duke,0,0.01848,0.01848,0.00034,0.00034,0
2026_3160_3228,Colorado,Illinois,0,0.40408,0.40408,0.16328,0.16328,0
2026_3161_3277,Colorado St,Michigan St,0,0.12546,0.12546,0.01574,0.01574,0
2026_3163_3314,Connecticut,North Carolina,1,1,0.95152,0,0.00235,1
2026_3163_3323,Connecticut,Notre Dame,1,0.96566,0.96566,0.00118,0.00118,0
2026_3163_3376,Connecticut,South Carolina,0,0.67512,0.67512,0.45579,0.45579,0
2026_3163_3393,Connecticut,Syracuse,1,1,0.99038,0,9e-05,1
2026_3163_3427,Connecticut,UT San Antonio,1,1,0.99984,0,0,1
2026_3181_3261,Duke,LSU,1,0.24528,0.24528,0.5696,0.5696,0
2026_3181_3417,Duke,UCLA,0,0.11004,0.11004,0.01211,0.01211,0
2026_3192_3234,F Dickinson,Iowa,0,0,0.01978,0,0.00039,1
2026_3193_3323,Fairfield,Notre Dame,0,0.19024,0.19024,0.03619,0.03619,0
2026_3208_3438,Georgia,Virginia,0,0.61882,0.61882,0.38294,0.38294,0
2026_3211_3279,Gonzaga,Mississippi,0,0.17602,0.17602,0.03098,0.03098,0
2026_3219_3435,High Point,Vanderbilt,0,0,0.00716,0,5e-05,1
2026_3221_3276,Holy Cross,Michigan,0,0,0.00572,0,3e-05,1
2026_3224_3326,Howard,Ohio St,0,0.01028,0.01028,0.00011,0.00011,0
2026_3225_3328,Idaho,Oklahoma,0,0.06278,0.06278,0.00394,0.00394,0
2026_3228_3435,Illinois,Vanderbilt,0,0,0.23408,0,0.05479,1
2026_3234_3438,Iowa,Virginia,0,1,0.83004,1,0.68897,1
2026_3235_3393,Iowa St,Syracuse,0,0.61844,0.61844,0.38247,0.38247,0
2026_3239_3261,Jacksonville,LSU,0,0,0.0016,0,0,1
2026_3241_3246,James Madison,Kentucky,0,0.21304,0.21304,0.04539,0.04539,0
2026_3246_3400,Kentucky,Texas,0,0,0.12072,0,0.01457,1
2026_3246_3452,Kentucky,West Virginia,1,0.48754,0.48754,0.26262,0.26262,0
2026_3257_3276,Louisville,Michigan,0,0.39594,0.39594,0.15677,0.15677,0
2026_3257_3436,Louisville,Vermont,1,0.96022,0.96022,0.00158,0.00158,0
2026_3261_3403,LSU,Texas Tech,1,1,0.92726,0,0.00529,1
2026_3268_3293,Maryland,Murray St,1,0.9469,0.9469,0.00282,0.00282,0
2026_3268_3314,Maryland,North Carolina,0,0.55834,0.55834,0.31174,0.31174,0
2026_3275_3452,Miami OH,West Virginia,0,0.08882,0.08882,0.00789,0.00789,0
2026_3276_3301,Michigan,NC State,1,1,0.77504,0,0.05061,1
2026_3276_3400,Michigan,Texas,0,0.23658,0.23658,0.05597,0.05597,0
2026_3277_3328,Michigan St,Oklahoma,0,0.41364,0.41364,0.1711,0.1711,0
2026_3278_3279,Minnesota,Mississippi,1,0.63884,0.63884,0.13044,0.13044,0
2026_3278_3417,Minnesota,UCLA,0,0,0.08972,0,0.00805,1
2026_3278_3453,Minnesota,WI Green Bay,1,0.95218,0.95218,0.00229,0.00229,0
2026_3283_3400,Missouri St,Texas,0,0,0.0011,0,0,1
2026_3301_3397,NC State,Tennessee,1,0.47584,0.47584,0.27474,0.27474,0
2026_3314_3442,North Carolina,W Illinois,1,0.94574,0.94574,0.00294,0.00294,0
2026_3323_3326,Notre Dame,Ohio St,1,0.36488,0.36488,0.40338,0.40338,0
2026_3323_3435,Notre Dame,Vanderbilt,1,0.29444,0.29444,0.49781,0.49781,0
2026_3328_3376,Oklahoma,South Carolina,0,0,0.14036,0,0.0197,1
2026_3329_3343,Oklahoma St,Princeton,1,0.66424,0.66424,0.11273,0.11273,0
2026_3329_3417,Oklahoma St,UCLA,0,0,0.02522,0,0.00064,1
2026_3332_3400,Oregon,Texas,0,0,0.0551,0,0.00304,1
2026_3332_3439,Oregon,Virginia Tech,1,0.58856,0.58856,0.16928,0.16928,0
2026_3355_3449,S Dakota St,Washington,0,0.23244,0.23244,0.05403,0.05403,0
2026_3376_3380,South Carolina,Southern Univ,1,1,0.9999,0,0,1
2026_3376_3395,South Carolina,TCU,1,0.8678,0.8678,0.01748,0.01748,0
2026_3376_3417,South Carolina,UCLA,0,0.36784,0.36784,0.13531,0.13531,0
2026_3376_3425,South Carolina,USC,1,1,0.92812,0,0.00517,1
2026_3395_3438,TCU,Virginia,1,0.79312,0.79312,0.0428,0.0428,0
2026_3395_3449,TCU,Washington,1,0.58632,0.58632,0.17113,0.17113,0
2026_3395_3471,TCU,UC San Diego,1,0.96238,0.96238,0.00142,0.00142,0
2026_3400_3417,Texas,UCLA,0,0.37058,0.37058,0.13733,0.13733,0
2026_3403_3437,Texas Tech,Villanova,1,0.45152,0.45152,0.30083,0.30083,0
2026_3417_3465,UCLA,Cal Baptist,1,1,0.99932,0,0,1
