"ID","Pred"
"2026_1163_1181",0.2648
"2026_1155_1181",0.11932
"2026_1104_1181",0.22515
"2026_1103_1181",0.05146
"2026_1112_1181",0.47564
"2026_1116_1181",0.21803
"2026_1140_1181",0.19298
"2026_1155_1163",0.29222
"2026_1104_1163",0.45342
"2026_1103_1163",0.15807
"2026_1112_1163",0.71456
"2026_1116_1163",0.44125
"2026_1140_1163",0.40526
"2026_1181_1277",0.72542
"2026_1163_1277",0.48399
"2026_1242_1277",0.40675
"2026_1257_1277",0.4417
"2026_1202_1277",0.0278
"2026_1196_1277",0.62614
"2026_1222_1277",0.62749
"2026_1228_1277",0.61358
"2026_1155_1277",0.28068
"2026_1234_1277",0.38098
"2026_1270_1277",0.14846
"2026_1225_1277",0.0468
"2026_1250_1277",0.00644
"2026_1276_1277",0.70782
"2026_1235_1277",0.60738
"2026_1104_1277",0.44119
"2026_1246_1277",0.34231
"2026_1208_1277",0.32296
"2026_1275_1277",0.08948
"2026_1103_1277",0.15087
"2026_1220_1277",0.11255
"2026_1224_1277",0.02382
"2026_1112_1277",0.70445
"2026_1211_1277",0.478
"2026_1116_1277",0.42684
"2026_1140_1277",0.39138
"2026_1274_1277",0.30958
"2026_1219_1277",0.09503
"2026_1218_1277",0.07897
"2026_1244_1277",0.03883
"2026_1254_1277",0.02038
"2026_1181_1242",0.80064
"2026_1163_1242",0.58371
"2026_1202_1242",0.04936
"2026_1196_1242",0.72031
"2026_1222_1242",0.7153
"2026_1228_1242",0.70628
"2026_1155_1242",0.36941
"2026_1234_1242",0.47818
"2026_1225_1242",0.07824
"2026_1235_1242",0.70378
"2026_1104_1242",0.53867
"2026_1208_1242",0.41918
"2026_1103_1242",0.21369
"2026_1220_1242",0.1684
"2026_1224_1242",0.04159
"2026_1112_1242",0.78123
"2026_1211_1242",0.57637
"2026_1116_1242",0.52804
"2026_1140_1242",0.4878
"2026_1219_1242",0.14403
"2026_1218_1242",0.11936
"2026_1181_1385",0.79532
"2026_1163_1385",0.57562
"2026_1277_1385",0.58913
"2026_1242_1385",0.48855
"2026_1257_1385",0.53166
"2026_1326_1385",0.44144
"2026_1378_1385",0.28614
"2026_1320_1385",0.20872
"2026_1295_1385",0.10209
"2026_1202_1385",0.04613
"2026_1373_1385",0.04169
"2026_1196_1385",0.71174
"2026_1222_1385",0.70717
"2026_1228_1385",0.69728
"2026_1304_1385",0.54709
"2026_1314_1385",0.39984
"2026_1155_1385",0.36142
"2026_1234_1385",0.46949
"2026_1270_1385",0.20583
"2026_1335_1385",0.06638
"2026_1225_1385",0.07482
"2026_1250_1385",0.01217
"2026_1341_1385",0.01321
"2026_1276_1385",0.78307
"2026_1235_1385",0.6914
"2026_1104_1385",0.52751
"2026_1246_1385",0.43141
"2026_1208_1385",0.4077
"2026_1365_1385",0.3613
"2026_1275_1385",0.1331
"2026_1374_1385",0.36365
"2026_1103_1385",0.20682
"2026_1220_1385",0.16264
"2026_1224_1385",0.04008
"2026_1112_1385",0.77486
"2026_1345_1385",0.65318
"2026_1211_1385",0.56959
"2026_1116_1385",0.51565
"2026_1140_1385",0.47994
"2026_1274_1385",0.39567
"2026_1281_1385",0.28992
"2026_1301_1385",0.39747
"2026_1219_1385",0.13926
"2026_1218_1385",0.11668
"2026_1244_1385",0.06262
"2026_1254_1385",0.0336
"2026_1181_1257",0.772
"2026_1163_1257",0.54199
"2026_1242_1257",0.4586
"2026_1202_1257",0.0398
"2026_1196_1257",0.68294
"2026_1222_1257",0.68095
"2026_1228_1257",0.66668
"2026_1155_1257",0.3314
"2026_1234_1257",0.43651
"2026_1225_1257",0.06494
"2026_1250_1257",0.01002
"2026_1235_1257",0.66466
"2026_1104_1257",0.49731
"2026_1246_1257",0.39847
"2026_1208_1257",0.3787
"2026_1103_1257",0.18771
"2026_1220_1257",0.14319
"2026_1224_1257",0.03396
"2026_1112_1257",0.75228
"2026_1211_1257",0.53787
"2026_1116_1257",0.48422
"2026_1140_1257",0.44649
"2026_1219_1257",0.12187
"2026_1218_1257",0.10072
"2026_1244_1257",0.05376
"2026_1254_1257",0.02906
"2026_1181_1417",0.84634
"2026_1163_1417",0.65171
"2026_1277_1417",0.66545
"2026_1242_1417",0.5701
"2026_1385_1417",0.57709
"2026_1257_1417",0.60703
"2026_1326_1417",0.52191
"2026_1395_1417",0.39523
"2026_1416_1417",0.35267
"2026_1378_1417",0.356
"2026_1320_1417",0.26991
"2026_1295_1417",0.14754
"2026_1202_1417",0.06986
"2026_1373_1417",0.06391
"2026_1196_1417",0.7782
"2026_1222_1417",0.77152
"2026_1228_1417",0.76121
"2026_1304_1417",0.62373
"2026_1314_1417",0.47833
"2026_1388_1417",0.52708
"2026_1155_1417",0.43965
"2026_1234_1417",0.5466
"2026_1401_1417",0.44574
"2026_1270_1417",0.26798
"2026_1407_1417",0.10487
"2026_1335_1417",0.09722
"2026_1225_1417",0.10668
"2026_1250_1417",0.02087
"2026_1341_1417",0.02101
"2026_1276_1417",0.835
"2026_1235_1417",0.76176
"2026_1104_1417",0.60751
"2026_1403_1417",0.60071
"2026_1397_1417",0.62781
"2026_1246_1417",0.50632
"2026_1208_1417",0.48835
"2026_1387_1417",0.42481
"2026_1365_1417",0.43963
"2026_1275_1417",0.17997
"2026_1374_1417",0.44234
"2026_1103_1417",0.27012
"2026_1220_1417",0.21589
"2026_1398_1417",0.06561
"2026_1224_1417",0.05924
"2026_1112_1417",0.82984
"2026_1345_1417",0.72746
"2026_1211_1417",0.64706
"2026_1116_1417",0.59588
"2026_1140_1417",0.5583
"2026_1274_1417",0.47581
"2026_1281_1417",0.36284
"2026_1301_1417",0.47386
"2026_1400_1417",0.46647
"2026_1219_1417",0.19094
"2026_1218_1417",0.16216
"2026_1244_1417",0.09131
"2026_1254_1417",0.05309
"2026_1181_1326",0.8334
"2026_1163_1326",0.63369
"2026_1277_1326",0.6464
"2026_1242_1326",0.54923
"2026_1257_1326",0.58864
"2026_1320_1326",0.25501
"2026_1295_1326",0.13429
"2026_1202_1326",0.06281
"2026_1196_1326",0.76179
"2026_1222_1326",0.75808
"2026_1228_1326",0.74778
"2026_1304_1326",0.6058
"2026_1314_1326",0.45944
"2026_1155_1326",0.41916
"2026_1234_1326",0.52862
"2026_1270_1326",0.25396
"2026_1225_1326",0.09948
"2026_1250_1326",0.01864
"2026_1276_1326",0.82287
"2026_1235_1326",0.74363
"2026_1104_1326",0.58692
"2026_1246_1326",0.49
"2026_1208_1326",0.46931
"2026_1275_1326",0.16958
"2026_1103_1326",0.25418
"2026_1220_1326",0.2033
"2026_1224_1326",0.05542
"2026_1112_1326",0.81818
"2026_1211_1326",0.62691
"2026_1116_1326",0.57817
"2026_1140_1326",0.53912
"2026_1274_1326",0.45543
"2026_1281_1326",0.34254
"2026_1301_1326",0.45401
"2026_1219_1326",0.17645
"2026_1218_1326",0.14873
"2026_1244_1326",0.0822
"2026_1254_1326",0.04704
"2026_1181_1395",0.90218
"2026_1163_1395",0.74734
"2026_1277_1395",0.7597
"2026_1242_1395",0.67468
"2026_1385_1395",0.68392
"2026_1257_1395",0.71069
"2026_1326_1395",0.62517
"2026_1378_1395",0.46277
"2026_1320_1395",0.3662
"2026_1295_1395",0.2162
"2026_1202_1395",0.11471
"2026_1373_1395",0.10475
"2026_1196_1395",0.84913
"2026_1222_1395",0.84597
"2026_1228_1395",0.8377
"2026_1304_1395",0.72419
"2026_1314_1395",0.58691
"2026_1388_1395",0.63202
"2026_1155_1395",0.5443
"2026_1234_1395",0.65321
"2026_1270_1395",0.36613
"2026_1335_1395",0.15035
"2026_1225_1395",0.16621
"2026_1250_1395",0.03762
"2026_1341_1395",0.04021
"2026_1276_1395",0.89493
"2026_1235_1395",0.837
"2026_1104_1395",0.70642
"2026_1246_1395",0.61365
"2026_1208_1395",0.59343
"2026_1387_1395",0.53071
"2026_1365_1395",0.54848
"2026_1275_1395",0.26512
"2026_1374_1395",0.55474
"2026_1103_1395",0.36746
"2026_1220_1395",0.30581
"2026_1224_1395",0.1002
"2026_1112_1395",0.89069
"2026_1345_1395",0.80815
"2026_1211_1395",0.73902
"2026_1116_1395",0.6971
"2026_1140_1395",0.66464
"2026_1274_1395",0.58315
"2026_1281_1395",0.46539
"2026_1301_1395",0.58684
"2026_1219_1395",0.27064
"2026_1218_1395",0.23602
"2026_1244_1395",0.1448
"2026_1254_1395",0.08874
"2026_1181_1416",0.91939
"2026_1163_1416",0.77925
"2026_1277_1416",0.78811
"2026_1242_1416",0.71188
"2026_1385_1416",0.71803
"2026_1257_1416",0.74387
"2026_1326_1416",0.66436
"2026_1395_1416",0.53917
"2026_1378_1416",0.5039
"2026_1320_1416",0.40954
"2026_1295_1416",0.24814
"2026_1202_1416",0.13613
"2026_1373_1416",0.12343
"2026_1196_1416",0.87134
"2026_1222_1416",0.86722
"2026_1228_1416",0.86219
"2026_1304_1416",0.75738
"2026_1314_1416",0.62724
"2026_1388_1416",0.67022
"2026_1155_1416",0.58816
"2026_1234_1416",0.691
"2026_1401_1416",0.5956
"2026_1270_1416",0.40405
"2026_1407_1416",0.18946
"2026_1335_1416",0.17803
"2026_1225_1416",0.19556
"2026_1250_1416",0.04795
"2026_1341_1416",0.05043
"2026_1276_1416",0.91195
"2026_1235_1416",0.86196
"2026_1104_1416",0.74424
"2026_1403_1416",0.73624
"2026_1397_1416",0.76174
"2026_1246_1416",0.65328
"2026_1208_1416",0.63578
"2026_1387_1416",0.57178
"2026_1365_1416",0.5881
"2026_1275_1416",0.297
"2026_1374_1416",0.59733
"2026_1103_1416",0.40807
"2026_1220_1416",0.34146
"2026_1398_1416",0.12686
"2026_1224_1416",0.11784
"2026_1112_1416",0.90736
"2026_1345_1416",0.83385
"2026_1211_1416",0.7754
"2026_1116_1416",0.73329
"2026_1140_1416",0.70051
"2026_1274_1416",0.62369
"2026_1281_1416",0.50828
"2026_1301_1416",0.62348
"2026_1400_1416",0.61993
"2026_1219_1416",0.30711
"2026_1218_1416",0.26758
"2026_1244_1416",0.16959
"2026_1254_1416",0.1066
"2026_1181_1378",0.91923
"2026_1163_1378",0.7763
"2026_1277_1378",0.78787
"2026_1242_1378",0.70848
"2026_1257_1378",0.74222
"2026_1326_1378",0.66526
"2026_1320_1378",0.40933
"2026_1295_1378",0.24439
"2026_1202_1378",0.13303
"2026_1373_1378",0.12339
"2026_1196_1378",0.86995
"2026_1222_1378",0.86697
"2026_1228_1378",0.86264
"2026_1304_1378",0.75405
"2026_1314_1378",0.62439
"2026_1155_1378",0.58377
"2026_1234_1378",0.69095
"2026_1270_1378",0.40219
"2026_1335_1378",0.17371
"2026_1225_1378",0.19204
"2026_1250_1378",0.04699
"2026_1341_1378",0.04956
"2026_1276_1378",0.91119
"2026_1235_1378",0.85885
"2026_1104_1378",0.73675
"2026_1246_1378",0.65029
"2026_1208_1378",0.63117
"2026_1365_1378",0.58788
"2026_1275_1378",0.29296
"2026_1374_1378",0.58945
"2026_1103_1378",0.4044
"2026_1220_1378",0.33931
"2026_1224_1378",0.11902
"2026_1112_1378",0.90746
"2026_1345_1378",0.83209
"2026_1211_1378",0.77275
"2026_1116_1378",0.7318
"2026_1140_1378",0.69581
"2026_1274_1378",0.61885
"2026_1281_1378",0.50448
"2026_1301_1378",0.61769
"2026_1219_1378",0.30383
"2026_1218_1378",0.26766
"2026_1244_1378",0.16477
"2026_1254_1378",0.10502
"2026_1181_1320",0.94898
"2026_1163_1320",0.83888
"2026_1277_1320",0.85024
"2026_1242_1320",0.78393
"2026_1257_1320",0.81239
"2026_1295_1320",0.32394
"2026_1202_1320",0.19326
"2026_1196_1320",0.91363
"2026_1222_1320",0.91215
"2026_1228_1320",0.9074
"2026_1304_1320",0.82229
"2026_1314_1320",0.71024
"2026_1155_1320",0.67377
"2026_1234_1320",0.76764
"2026_1270_1320",0.49728
"2026_1225_1320",0.26577
"2026_1250_1320",0.07724
"2026_1276_1320",0.94371
"2026_1235_1320",0.90467
"2026_1104_1320",0.81213
"2026_1246_1320",0.73327
"2026_1208_1320",0.71845
"2026_1275_1320",0.38273
"2026_1103_1320",0.49817
"2026_1220_1320",0.42739
"2026_1224_1320",0.1722
"2026_1112_1320",0.94179
"2026_1211_1320",0.83683
"2026_1116_1320",0.80378
"2026_1140_1320",0.77368
"2026_1274_1320",0.70792
"2026_1281_1320",0.60042
"2026_1301_1320",0.70667
"2026_1219_1320",0.3919
"2026_1218_1320",0.351
"2026_1244_1320",0.23366
"2026_1254_1320",0.15542
"2026_1181_1465",0.97931
"2026_1163_1465",0.92105
"2026_1277_1465",0.92635
"2026_1242_1465",0.88525
"2026_1385_1465",0.88981
"2026_1257_1465",0.90333
"2026_1417_1465",0.84739
"2026_1326_1465",0.85833
"2026_1395_1465",0.77051
"2026_1416_1465",0.73963
"2026_1378_1465",0.73997
"2026_1320_1465",0.66013
"2026_1295_1465",0.48504
"2026_1202_1465",0.32204
"2026_1373_1465",0.30624
"2026_1196_1465",0.96241
"2026_1222_1465",0.9607
"2026_1228_1465",0.95934
"2026_1304_1465",0.90996
"2026_1435_1465",0.91994
"2026_1314_1465",0.83169
"2026_1388_1465",0.86198
"2026_1155_1465",0.80707
"2026_1234_1465",0.87271
"2026_1401_1465",0.81098
"2026_1433_1465",0.74648
"2026_1270_1465",0.65312
"2026_1407_1465",0.40431
"2026_1335_1465",0.38465
"2026_1225_1465",0.41488
"2026_1250_1465",0.15568
"2026_1341_1465",0.15762
"2026_1276_1465",0.97642
"2026_1235_1465",0.95828
"2026_1438_1465",0.90396
"2026_1104_1465",0.90209
"2026_1403_1465",0.89832
"2026_1397_1465",0.91447
"2026_1246_1465",0.85124
"2026_1208_1465",0.83692
"2026_1387_1465",0.79598
"2026_1365_1465",0.80555
"2026_1275_1465",0.54359
"2026_1374_1465",0.81206
"2026_1103_1465",0.65858
"2026_1220_1465",0.59353
"2026_1460_1465",0.40568
"2026_1398_1465",0.31361
"2026_1224_1465",0.29685
"2026_1420_1465",0.31787
"2026_1112_1465",0.9747
"2026_1345_1465",0.94866
"2026_1211_1465",0.92011
"2026_1116_1465",0.89708
"2026_1458_1465",0.86632
"2026_1140_1465",0.87779
"2026_1274_1465",0.83188
"2026_1437_1465",0.82296
"2026_1429_1465",0.82471
"2026_1281_1465",0.74436
"2026_1301_1465",0.83209
"2026_1400_1465",0.82705
"2026_1219_1465",0.55395
"2026_1218_1465",0.51014
"2026_1244_1465",0.37546
"2026_1254_1465",0.2717
"2026_1181_1295",0.9818
"2026_1163_1295",0.92569
"2026_1277_1295",0.93095
"2026_1242_1295",0.89157
"2026_1257_1295",0.9084
"2026_1202_1295",0.33793
"2026_1196_1295",0.96612
"2026_1222_1295",0.96485
"2026_1228_1295",0.96102
"2026_1155_1295",0.81678
"2026_1234_1295",0.8824
"2026_1270_1295",0.67253
"2026_1225_1295",0.42876
"2026_1250_1295",0.16366
"2026_1276_1295",0.97896
"2026_1235_1295",0.96127
"2026_1104_1295",0.90815
"2026_1246_1295",0.86189
"2026_1208_1295",0.84862
"2026_1275_1295",0.56072
"2026_1103_1295",0.67076
"2026_1220_1295",0.60756
"2026_1224_1295",0.30985
"2026_1112_1295",0.97794
"2026_1211_1295",0.92405
"2026_1116_1295",0.90577
"2026_1140_1295",0.88637
"2026_1274_1295",0.84087
"2026_1281_1295",0.76004
"2026_1219_1295",0.57303
"2026_1218_1295",0.52697
"2026_1244_1295",0.39457
"2026_1254_1295",0.28696
"2026_1181_1202",0.99419
"2026_1163_1202",0.96957
"2026_1196_1202",0.98737
"2026_1155_1202",0.9065
"2026_1104_1202",0.96002
"2026_1103_1202",0.80798
"2026_1112_1202",0.99287
"2026_1116_1202",0.95761
"2026_1140_1202",0.9482
"2026_1181_1373",0.9948
"2026_1163_1373",0.97262
"2026_1277_1373",0.97451
"2026_1242_1373",0.95485
"2026_1257_1373",0.9647
"2026_1326_1373",0.94344
"2026_1320_1373",0.82378
"2026_1295_1373",0.67936
"2026_1202_1373",0.52361
"2026_1196_1373",0.98924
"2026_1222_1373",0.98868
"2026_1228_1373",0.9878
"2026_1304_1373",0.96891
"2026_1314_1373",0.93026
"2026_1155_1373",0.91628
"2026_1234_1373",0.94979
"2026_1270_1373",0.81919
"2026_1335_1373",0.5892
"2026_1225_1373",0.61673
"2026_1250_1373",0.30483
"2026_1341_1373",0.30989
"2026_1276_1373",0.99403
"2026_1235_1373",0.98752
"2026_1104_1373",0.96463
"2026_1246_1373",0.94086
"2026_1208_1373",0.93254
"2026_1365_1373",0.91594
"2026_1275_1373",0.73148
"2026_1103_1373",0.82134
"2026_1220_1373",0.77095
"2026_1224_1373",0.49195
"2026_1112_1373",0.99412
"2026_1345_1373",0.98355
"2026_1211_1373",0.97105
"2026_1116_1373",0.96124
"2026_1140_1373",0.9517
"2026_1274_1373",0.92966
"2026_1281_1373",0.88071
"2026_1301_1373",0.92987
"2026_1219_1373",0.73954
"2026_1218_1373",0.70375
"2026_1244_1373",0.58042
"2026_1254_1373",0.46311
"2026_1181_1196",0.60579
"2026_1163_1196",0.35725
"2026_1155_1196",0.18179
"2026_1104_1196",0.31524
"2026_1103_1196",0.08606
"2026_1112_1196",0.58114
"2026_1116_1196",0.30385
"2026_1140_1196",0.2717
"2026_1181_1222",0.60719
"2026_1163_1222",0.36055
"2026_1202_1222",0.01356
"2026_1196_1222",0.50539
"2026_1155_1222",0.18207
"2026_1104_1222",0.31732
"2026_1208_1222",0.21901
"2026_1103_1222",0.08691
"2026_1220_1222",0.06308
"2026_1112_1222",0.58392
"2026_1211_1222",0.35615
"2026_1116_1222",0.30842
"2026_1140_1222",0.27504
"2026_1219_1222",0.05175
"2026_1218_1222",0.04146
"2026_1181_1228",0.6226
"2026_1163_1228",0.37251
"2026_1202_1228",0.01411
"2026_1196_1228",0.51789
"2026_1222_1228",0.51233
"2026_1155_1228",0.19272
"2026_1225_1228",0.02528
"2026_1104_1228",0.33133
"2026_1208_1228",0.22711
"2026_1103_1228",0.09211
"2026_1220_1228",0.06534
"2026_1224_1228",0.01171
"2026_1112_1228",0.59546
"2026_1211_1228",0.36649
"2026_1116_1228",0.31756
"2026_1140_1228",0.28428
"2026_1219_1228",0.05511
"2026_1218_1228",0.0431
"2026_1181_1304",0.75403
"2026_1163_1304",0.52893
"2026_1277_1304",0.54322
"2026_1242_1304",0.44354
"2026_1257_1304",0.48226
"2026_1295_1304",0.08432
"2026_1202_1304",0.03616
"2026_1196_1304",0.6658
"2026_1222_1304",0.66624
"2026_1228_1304",0.65436
"2026_1155_1304",0.3148
"2026_1234_1304",0.42054
"2026_1270_1304",0.17261
"2026_1225_1304",0.06003
"2026_1250_1304",0.00923
"2026_1276_1304",0.74201
"2026_1235_1304",0.64743
"2026_1104_1304",0.47815
"2026_1246_1304",0.38312
"2026_1208_1304",0.36109
"2026_1275_1304",0.10916
"2026_1103_1304",0.17577
"2026_1220_1304",0.13519
"2026_1224_1304",0.03028
"2026_1112_1304",0.73814
"2026_1211_1304",0.52009
"2026_1116_1304",0.47023
"2026_1140_1304",0.428
"2026_1274_1304",0.35035
"2026_1281_1304",0.25085
"2026_1301_1304",0.35425
"2026_1219_1304",0.11347
"2026_1218_1304",0.09472
"2026_1244_1304",0.05038
"2026_1254_1304",0.02605
"2026_1181_1435",0.73938
"2026_1163_1435",0.50243
"2026_1277_1435",0.51818
"2026_1242_1435",0.41781
"2026_1385_1435",0.4272
"2026_1257_1435",0.45664
"2026_1417_1435",0.35046
"2026_1326_1435",0.37037
"2026_1395_1435",0.25704
"2026_1416_1435",0.22302
"2026_1378_1435",0.22597
"2026_1320_1435",0.16152
"2026_1295_1435",0.07441
"2026_1202_1435",0.03073
"2026_1373_1435",0.02806
"2026_1196_1435",0.64488
"2026_1222_1435",0.64251
"2026_1228_1435",0.62849
"2026_1304_1435",0.47536
"2026_1314_1435",0.32856
"2026_1388_1435",0.37545
"2026_1155_1435",0.29333
"2026_1234_1435",0.39573
"2026_1401_1435",0.29853
"2026_1433_1435",0.23229
"2026_1270_1435",0.15809
"2026_1407_1435",0.05028
"2026_1335_1435",0.04585
"2026_1225_1435",0.054
"2026_1250_1435",0.00796
"2026_1341_1435",0.00858
"2026_1276_1435",0.72383
"2026_1235_1435",0.62695
"2026_1104_1435",0.45683
"2026_1403_1435",0.44961
"2026_1397_1435",0.48231
"2026_1246_1435",0.35863
"2026_1208_1435",0.33862
"2026_1387_1435",0.28299
"2026_1365_1435",0.29389
"2026_1275_1435",0.09802
"2026_1374_1435",0.30262
"2026_1103_1435",0.16076
"2026_1220_1435",0.12244
"2026_1398_1435",0.0297
"2026_1224_1435",0.02642
"2026_1420_1435",0.03042
"2026_1112_1435",0.71604
"2026_1345_1435",0.58476
"2026_1211_1435",0.49756
"2026_1116_1435",0.44305
"2026_1140_1435",0.40888
"2026_1274_1435",0.32811
"2026_1429_1435",0.32033
"2026_1281_1435",0.22948
"2026_1301_1435",0.32685
"2026_1400_1435",0.32182
"2026_1219_1435",0.10335
"2026_1218_1435",0.08373
"2026_1244_1435",0.04345
"2026_1254_1435",0.02261
"2026_1181_1314",0.85905
"2026_1163_1314",0.66967
"2026_1277_1314",0.68659
"2026_1242_1314",0.59031
"2026_1257_1314",0.63366
"2026_1295_1314",0.15938
"2026_1202_1314",0.07863
"2026_1196_1314",0.79316
"2026_1222_1314",0.78752
"2026_1228_1314",0.77801
"2026_1304_1314",0.6481
"2026_1155_1314",0.45941
"2026_1234_1314",0.56801
"2026_1270_1314",0.28467
"2026_1225_1314",0.11717
"2026_1250_1314",0.02342
"2026_1276_1314",0.84744
"2026_1235_1314",0.77472
"2026_1104_1314",0.62867
"2026_1246_1314",0.53073
"2026_1208_1314",0.50771
"2026_1275_1314",0.19619
"2026_1103_1314",0.28847
"2026_1220_1314",0.22948
"2026_1224_1314",0.06713
"2026_1112_1314",0.84335
"2026_1211_1314",0.66663
"2026_1116_1314",0.61412
"2026_1140_1314",0.57764
"2026_1274_1314",0.49615
"2026_1281_1314",0.38286
"2026_1301_1314",0.49519
"2026_1219_1314",0.20253
"2026_1218_1314",0.17576
"2026_1244_1314",0.1011
"2026_1254_1314",0.05892
"2026_1181_1388",0.83111
"2026_1163_1388",0.62713
"2026_1277_1388",0.64104
"2026_1242_1388",0.54443
"2026_1385_1388",0.55518
"2026_1257_1388",0.58473
"2026_1326_1388",0.49171
"2026_1378_1388",0.33118
"2026_1320_1388",0.24868
"2026_1295_1388",0.13103
"2026_1202_1388",0.06086
"2026_1373_1388",0.05526
"2026_1196_1388",0.75592
"2026_1222_1388",0.75235
"2026_1228_1388",0.74447
"2026_1304_1388",0.59963
"2026_1314_1388",0.45296
"2026_1155_1388",0.41207
"2026_1234_1388",0.52106
"2026_1270_1388",0.2456
"2026_1335_1388",0.08459
"2026_1225_1388",0.09613
"2026_1250_1388",0.0172
"2026_1341_1388",0.01791
"2026_1276_1388",0.8194
"2026_1235_1388",0.73938
"2026_1104_1388",0.58033
"2026_1246_1388",0.48398
"2026_1208_1388",0.4603
"2026_1387_1388",0.39946
"2026_1365_1388",0.41621
"2026_1275_1388",0.16403
"2026_1374_1388",0.4198
"2026_1103_1388",0.25003
"2026_1220_1388",0.19741
"2026_1224_1388",0.05297
"2026_1112_1388",0.81374
"2026_1345_1388",0.7015
"2026_1211_1388",0.62067
"2026_1116_1388",0.5704
"2026_1140_1388",0.53434
"2026_1274_1388",0.44967
"2026_1281_1388",0.33642
"2026_1301_1388",0.44787
"2026_1219_1388",0.16766
"2026_1218_1388",0.14532
"2026_1244_1388",0.08175
"2026_1254_1388",0.04515
"2026_1104_1155",0.6674
"2026_1103_1155",0.32262
"2026_1112_1155",0.86714
"2026_1116_1155",0.65629
"2026_1140_1155",0.62081
"2026_1181_1234",0.81829
"2026_1163_1234",0.60537
"2026_1202_1234",0.05491
"2026_1196_1234",0.73735
"2026_1222_1234",0.73473
"2026_1228_1234",0.72496
"2026_1155_1234",0.38804
"2026_1225_1234",0.0882
"2026_1104_1234",0.56072
"2026_1208_1234",0.44034
"2026_1103_1234",0.23091
"2026_1220_1234",0.18186
"2026_1224_1234",0.04651
"2026_1112_1234",0.79835
"2026_1211_1234",0.60134
"2026_1116_1234",0.54681
"2026_1140_1234",0.50824
"2026_1219_1234",0.15706
"2026_1218_1234",0.13085
"2026_1181_1401",0.87803
"2026_1163_1401",0.70222
"2026_1277_1401",0.71507
"2026_1242_1401",0.62743
"2026_1385_1401",0.63344
"2026_1257_1401",0.66167
"2026_1326_1401",0.57595
"2026_1395_1401",0.44926
"2026_1378_1401",0.41135
"2026_1320_1401",0.32144
"2026_1295_1401",0.17886
"2026_1202_1401",0.09108
"2026_1373_1401",0.0815
"2026_1196_1401",0.81775
"2026_1222_1401",0.81307
"2026_1228_1401",0.80401
"2026_1304_1401",0.67762
"2026_1314_1401",0.53526
"2026_1388_1401",0.58435
"2026_1155_1401",0.49587
"2026_1234_1401",0.60415
"2026_1270_1401",0.31876
"2026_1335_1401",0.12279
"2026_1225_1401",0.13713
"2026_1250_1401",0.02872
"2026_1341_1401",0.02965
"2026_1276_1401",0.87033
"2026_1235_1401",0.80164
"2026_1104_1401",0.66117
"2026_1397_1401",0.68271
"2026_1246_1401",0.56752
"2026_1208_1401",0.54335
"2026_1387_1401",0.48021
"2026_1365_1401",0.49521
"2026_1275_1401",0.22155
"2026_1374_1401",0.5003
"2026_1103_1401",0.31953
"2026_1220_1401",0.2597
"2026_1398_1401",0.08795
"2026_1224_1401",0.07911
"2026_1112_1401",0.86397
"2026_1345_1401",0.76947
"2026_1211_1401",0.69727
"2026_1116_1401",0.65266
"2026_1140_1401",0.61451
"2026_1274_1401",0.52948
"2026_1281_1401",0.41825
"2026_1301_1401",0.53436
"2026_1400_1401",0.52444
"2026_1219_1401",0.23096
"2026_1218_1401",0.19907
"2026_1244_1401",0.11568
"2026_1254_1401",0.07068
"2026_1181_1433",0.91498
"2026_1163_1433",0.76857
"2026_1277_1433",0.77949
"2026_1242_1433",0.69938
"2026_1385_1433",0.70903
"2026_1257_1433",0.73522
"2026_1417_1433",0.63344
"2026_1326_1433",0.65644
"2026_1395_1433",0.53086
"2026_1416_1433",0.48618
"2026_1378_1433",0.4885
"2026_1320_1433",0.39766
"2026_1295_1433",0.23917
"2026_1202_1433",0.12798
"2026_1373_1433",0.11916
"2026_1196_1433",0.86526
"2026_1222_1433",0.86214
"2026_1228_1433",0.85446
"2026_1304_1433",0.74892
"2026_1314_1433",0.61735
"2026_1388_1433",0.65915
"2026_1155_1433",0.5767
"2026_1234_1433",0.67921
"2026_1401_1433",0.58096
"2026_1270_1433",0.39089
"2026_1407_1433",0.17855
"2026_1335_1433",0.16933
"2026_1225_1433",0.18605
"2026_1250_1433",0.0447
"2026_1341_1433",0.04683
"2026_1276_1433",0.90691
"2026_1235_1433",0.85518
"2026_1104_1433",0.73166
"2026_1403_1433",0.72588
"2026_1397_1433",0.7496
"2026_1246_1433",0.64412
"2026_1208_1433",0.62146
"2026_1387_1433",0.563
"2026_1365_1433",0.5755
"2026_1275_1433",0.28734
"2026_1374_1433",0.58287
"2026_1103_1433",0.39379
"2026_1220_1433",0.32941
"2026_1398_1433",0.12172
"2026_1224_1433",0.11431
"2026_1420_1433",0.12662
"2026_1112_1433",0.90213
"2026_1345_1433",0.82869
"2026_1211_1433",0.76368
"2026_1116_1433",0.72515
"2026_1140_1433",0.6887
"2026_1274_1433",0.61106
"2026_1429_1433",0.60438
"2026_1281_1433",0.49614
"2026_1301_1433",0.61298
"2026_1400_1433",0.60582
"2026_1219_1433",0.29699
"2026_1218_1433",0.25744
"2026_1244_1433",0.16176
"2026_1254_1433",0.10086
"2026_1181_1270",0.94961
"2026_1163_1270",0.84367
"2026_1242_1270",0.78867
"2026_1257_1270",0.81476
"2026_1202_1270",0.19596
"2026_1196_1270",0.91463
"2026_1222_1270",0.91384
"2026_1228_1270",0.90885
"2026_1155_1270",0.67812
"2026_1234_1270",0.77038
"2026_1225_1270",0.26879
"2026_1250_1270",0.07833
"2026_1235_1270",0.9064
"2026_1104_1270",0.81329
"2026_1246_1270",0.74155
"2026_1208_1270",0.72139
"2026_1103_1270",0.50435
"2026_1220_1270",0.43676
"2026_1224_1270",0.17344
"2026_1112_1270",0.94285
"2026_1211_1270",0.84006
"2026_1116_1270",0.8062
"2026_1140_1270",0.77796
"2026_1219_1270",0.39433
"2026_1218_1270",0.35403
"2026_1244_1270",0.23978
"2026_1254_1270",0.15804
"2026_1181_1407",0.98937
"2026_1163_1407",0.95126
"2026_1277_1407",0.954
"2026_1242_1407",0.92633
"2026_1385_1407",0.92848
"2026_1257_1407",0.93933
"2026_1326_1407",0.90699
"2026_1395_1407",0.83925
"2026_1378_1407",0.81592
"2026_1320_1407",0.74541
"2026_1295_1407",0.58326
"2026_1202_1407",0.41347
"2026_1373_1407",0.39582
"2026_1196_1407",0.97841
"2026_1222_1407",0.97769
"2026_1228_1407",0.97609
"2026_1304_1407",0.94329
"2026_1314_1407",0.88523
"2026_1388_1407",0.90961
"2026_1155_1407",0.86284
"2026_1234_1407",0.91566
"2026_1401_1407",0.86943
"2026_1270_1407",0.73947
"2026_1335_1407",0.48231
"2026_1225_1407",0.50922
"2026_1250_1407",0.21869
"2026_1341_1407",0.22535
"2026_1276_1407",0.98717
"2026_1235_1407",0.97598
"2026_1104_1407",0.93874
"2026_1403_1407",0.93642
"2026_1397_1407",0.94446
"2026_1246_1407",0.90011
"2026_1208_1407",0.89214
"2026_1387_1407",0.85823
"2026_1365_1407",0.86562
"2026_1275_1407",0.64081
"2026_1374_1407",0.86909
"2026_1103_1407",0.74411
"2026_1220_1407",0.68494
"2026_1398_1407",0.40399
"2026_1224_1407",0.38503
"2026_1112_1407",0.98707
"2026_1345_1407",0.96892
"2026_1211_1407",0.94873
"2026_1116_1407",0.93386
"2026_1140_1407",0.92249
"2026_1274_1407",0.88575
"2026_1281_1407",0.81718
"2026_1301_1407",0.88472
"2026_1400_1407",0.88189
"2026_1219_1407",0.64938
"2026_1218_1407",0.60478
"2026_1244_1407",0.47261
"2026_1254_1407",0.36083
"2026_1181_1335",0.98992
"2026_1163_1335",0.95501
"2026_1277_1335",0.95758
"2026_1242_1335",0.93212
"2026_1257_1335",0.94329
"2026_1326_1335",0.91297
"2026_1320_1335",0.75834
"2026_1295_1335",0.59768
"2026_1202_1335",0.4297
"2026_1196_1335",0.98037
"2026_1222_1335",0.97967
"2026_1228_1335",0.97795
"2026_1304_1335",0.94826
"2026_1314_1335",0.89445
"2026_1155_1335",0.87384
"2026_1234_1335",0.92425
"2026_1270_1335",0.75667
"2026_1225_1335",0.52337
"2026_1250_1335",0.23353
"2026_1276_1335",0.98894
"2026_1235_1335",0.9772
"2026_1104_1335",0.94401
"2026_1246_1335",0.90805
"2026_1208_1335",0.89788
"2026_1275_1335",0.65306
"2026_1103_1335",0.75326
"2026_1220_1335",0.69962
"2026_1224_1335",0.40054
"2026_1112_1335",0.98827
"2026_1211_1335",0.95429
"2026_1116_1335",0.93926
"2026_1140_1335",0.92648
"2026_1274_1335",0.89278
"2026_1281_1335",0.82979
"2026_1301_1335",0.89203
"2026_1219_1335",0.66458
"2026_1218_1335",0.61707
"2026_1244_1335",0.49123
"2026_1254_1335",0.37384
"2026_1181_1225",0.98799
"2026_1163_1225",0.94798
"2026_1202_1225",0.40495
"2026_1196_1225",0.97622
"2026_1222_1225",0.97607
"2026_1155_1225",0.85954
"2026_1104_1225",0.93385
"2026_1208_1225",0.88621
"2026_1103_1225",0.73219
"2026_1220_1225",0.67561
"2026_1224_1225",0.3743
"2026_1112_1225",0.98575
"2026_1211_1225",0.94584
"2026_1116_1225",0.93057
"2026_1140_1225",0.91705
"2026_1219_1225",0.64022
"2026_1218_1225",0.59492
"2026_1181_1250",0.99902
"2026_1163_1250",0.99208
"2026_1242_1250",0.98666
"2026_1202_1250",0.71337
"2026_1196_1250",0.99722
"2026_1222_1250",0.99725
"2026_1228_1250",0.99698
"2026_1155_1250",0.9701
"2026_1234_1250",0.98427
"2026_1225_1250",0.78943
"2026_1235_1250",0.99696
"2026_1104_1250",0.98946
"2026_1246_1250",0.98139
"2026_1208_1250",0.97756
"2026_1103_1250",0.92218
"2026_1220_1250",0.89599
"2026_1224_1250",0.68719
"2026_1112_1250",0.99852
"2026_1211_1250",0.99236
"2026_1116_1250",0.989
"2026_1140_1250",0.9855
"2026_1219_1250",0.87647
"2026_1218_1250",0.85213
"2026_1244_1250",0.76008
"2026_1181_1341",0.99886
"2026_1163_1341",0.99183
"2026_1277_1341",0.99251
"2026_1242_1341",0.98688
"2026_1257_1341",0.98906
"2026_1326_1341",0.98105
"2026_1320_1341",0.92312
"2026_1295_1341",0.83371
"2026_1202_1341",0.70785
"2026_1196_1341",0.99703
"2026_1222_1341",0.99702
"2026_1228_1341",0.99695
"2026_1304_1341",0.99106
"2026_1314_1341",0.9748
"2026_1155_1341",0.9694
"2026_1234_1341",0.98405
"2026_1270_1341",0.91955
"2026_1335_1341",0.76304
"2026_1225_1341",0.78198
"2026_1250_1341",0.49339
"2026_1276_1341",0.99828
"2026_1235_1341",0.99668
"2026_1104_1341",0.98912
"2026_1246_1341",0.97875
"2026_1208_1341",0.97674
"2026_1275_1341",0.86722
"2026_1103_1341",0.92165
"2026_1220_1341",0.89235
"2026_1224_1341",0.67839
"2026_1112_1341",0.99861
"2026_1211_1341",0.99199
"2026_1116_1341",0.98835
"2026_1140_1341",0.98477
"2026_1274_1341",0.97501
"2026_1281_1341",0.95154
"2026_1301_1341",0.97424
"2026_1219_1341",0.87338
"2026_1218_1341",0.84621
"2026_1244_1341",0.75566
"2026_1254_1341",0.65746
"2026_1181_1276",0.51992
"2026_1163_1276",0.27799
"2026_1242_1276",0.21319
"2026_1257_1276",0.24229
"2026_1202_1276",0.00662
"2026_1196_1276",0.41262
"2026_1222_1276",0.41007
"2026_1228_1276",0.39717
"2026_1155_1276",0.12864
"2026_1234_1276",0.19851
"2026_1270_1276",0.05612
"2026_1225_1276",0.01284
"2026_1250_1276",0.00125
"2026_1235_1276",0.39571
"2026_1104_1276",0.24432
"2026_1246_1276",0.16965
"2026_1208_1276",0.1566
"2026_1275_1276",0.03117
"2026_1103_1276",0.05593
"2026_1220_1276",0.03917
"2026_1224_1276",0.00613
"2026_1112_1276",0.49547
"2026_1211_1276",0.27315
"2026_1116_1276",0.23279
"2026_1140_1276",0.20398
"2026_1274_1276",0.14714
"2026_1219_1276",0.03188
"2026_1218_1276",0.02464
"2026_1244_1276",0.00986
"2026_1254_1276",0.00476
"2026_1181_1235",0.62593
"2026_1163_1235",0.37465
"2026_1202_1235",0.0145
"2026_1196_1235",0.52076
"2026_1222_1235",0.51271
"2026_1228_1235",0.50287
"2026_1155_1235",0.19329
"2026_1234_1235",0.28015
"2026_1225_1235",0.02597
"2026_1104_1235",0.33223
"2026_1208_1235",0.23085
"2026_1103_1235",0.09463
"2026_1220_1235",0.06614
"2026_1224_1235",0.01243
"2026_1112_1235",0.60091
"2026_1211_1235",0.36855
"2026_1116_1235",0.32493
"2026_1140_1235",0.28678
"2026_1219_1235",0.05594
"2026_1218_1235",0.04463
"2026_1181_1438",0.76825
"2026_1163_1438",0.54455
"2026_1277_1438",0.56029
"2026_1242_1438",0.45949
"2026_1385_1438",0.47084
"2026_1257_1438",0.50372
"2026_1417_1438",0.39191
"2026_1326_1438",0.4151
"2026_1395_1438",0.29123
"2026_1416_1438",0.25681
"2026_1378_1438",0.25862
"2026_1320_1438",0.18669
"2026_1295_1438",0.08944
"2026_1202_1438",0.04049
"2026_1373_1438",0.03457
"2026_1196_1438",0.68652
"2026_1222_1438",0.68208
"2026_1228_1438",0.67002
"2026_1304_1438",0.51834
"2026_1435_1438",0.54226
"2026_1314_1438",0.37084
"2026_1388_1438",0.41719
"2026_1155_1438",0.33358
"2026_1234_1438",0.44046
"2026_1401_1438",0.33702
"2026_1433_1438",0.26564
"2026_1270_1438",0.1845
"2026_1407_1438",0.06201
"2026_1335_1438",0.05706
"2026_1225_1438",0.06452
"2026_1250_1438",0.01071
"2026_1341_1438",0.01063
"2026_1276_1438",0.75727
"2026_1235_1438",0.66789
"2026_1104_1438",0.50005
"2026_1403_1438",0.49293
"2026_1397_1438",0.52252
"2026_1246_1438",0.40168
"2026_1208_1438",0.37822
"2026_1387_1438",0.31815
"2026_1365_1438",0.33414
"2026_1275_1438",0.11998
"2026_1374_1438",0.33776
"2026_1103_1438",0.18695
"2026_1220_1438",0.14413
"2026_1398_1438",0.03742
"2026_1224_1438",0.03413
"2026_1420_1438",0.03788
"2026_1112_1438",0.75238
"2026_1345_1438",0.62471
"2026_1211_1438",0.53807
"2026_1116_1438",0.48663
"2026_1140_1438",0.44959
"2026_1274_1438",0.36477
"2026_1437_1438",0.35662
"2026_1429_1438",0.3573
"2026_1281_1438",0.26465
"2026_1301_1438",0.36731
"2026_1400_1438",0.36079
"2026_1219_1438",0.12425
"2026_1218_1438",0.10237
"2026_1244_1438",0.0536
"2026_1254_1438",0.02921
"2026_1103_1104",0.18708
"2026_1181_1403",0.77903
"2026_1163_1403",0.55288
"2026_1277_1403",0.56919
"2026_1242_1403",0.46916
"2026_1385_1403",0.47691
"2026_1257_1403",0.50828
"2026_1326_1403",0.41913
"2026_1395_1403",0.30011
"2026_1378_1403",0.26639
"2026_1320_1403",0.19405
"2026_1295_1403",0.0938
"2026_1202_1403",0.03998
"2026_1373_1403",0.03652
"2026_1196_1403",0.69341
"2026_1222_1403",0.68923
"2026_1228_1403",0.6776
"2026_1304_1403",0.52681
"2026_1314_1403",0.37963
"2026_1388_1403",0.42698
"2026_1155_1403",0.34185
"2026_1234_1403",0.44899
"2026_1401_1403",0.34641
"2026_1270_1403",0.191
"2026_1335_1403",0.05952
"2026_1225_1403",0.06889
"2026_1250_1403",0.01049
"2026_1341_1403",0.01105
"2026_1276_1403",0.76661
"2026_1235_1403",0.67404
"2026_1104_1403",0.50845
"2026_1397_1403",0.52992
"2026_1246_1403",0.40652
"2026_1208_1403",0.38792
"2026_1387_1403",0.32599
"2026_1365_1403",0.34041
"2026_1275_1403",0.12231
"2026_1374_1403",0.34396
"2026_1103_1403",0.18955
"2026_1220_1403",0.14932
"2026_1398_1403",0.03918
"2026_1224_1403",0.03514
"2026_1112_1403",0.75988
"2026_1345_1403",0.6362
"2026_1211_1403",0.5475
"2026_1116_1403",0.49391
"2026_1140_1403",0.45678
"2026_1274_1403",0.37584
"2026_1281_1403",0.27066
"2026_1301_1403",0.37482
"2026_1400_1403",0.36959
"2026_1219_1403",0.12718
"2026_1218_1403",0.10371
"2026_1244_1403",0.05637
"2026_1254_1403",0.0299
"2026_1181_1397",0.75466
"2026_1163_1397",0.52436
"2026_1277_1397",0.53842
"2026_1242_1397",0.44116
"2026_1385_1397",0.44852
"2026_1257_1397",0.47816
"2026_1326_1397",0.39024
"2026_1395_1397",0.27353
"2026_1378_1397",0.24253
"2026_1320_1397",0.17541
"2026_1295_1397",0.08148
"2026_1202_1397",0.03576
"2026_1373_1397",0.03195
"2026_1196_1397",0.66602
"2026_1222_1397",0.66101
"2026_1228_1397",0.6505
"2026_1304_1397",0.49446
"2026_1314_1397",0.34939
"2026_1388_1397",0.39576
"2026_1155_1397",0.31123
"2026_1234_1397",0.41618
"2026_1270_1397",0.1712
"2026_1335_1397",0.0511
"2026_1225_1397",0.05747
"2026_1250_1397",0.0085
"2026_1341_1397",0.00974
"2026_1276_1397",0.7388
"2026_1235_1397",0.64566
"2026_1104_1397",0.47718
"2026_1246_1397",0.37756
"2026_1208_1397",0.35978
"2026_1387_1397",0.30153
"2026_1365_1397",0.31413
"2026_1275_1397",0.10809
"2026_1374_1397",0.31794
"2026_1103_1397",0.173
"2026_1220_1397",0.13101
"2026_1224_1397",0.029
"2026_1112_1397",0.734
"2026_1345_1397",0.60559
"2026_1211_1397",0.51995
"2026_1116_1397",0.46543
"2026_1140_1397",0.4261
"2026_1274_1397",0.34753
"2026_1281_1397",0.24729
"2026_1301_1397",0.34564
"2026_1219_1397",0.1125
"2026_1218_1397",0.09394
"2026_1244_1397",0.04795
"2026_1254_1397",0.02516
"2026_1181_1246",0.84009
"2026_1163_1246",0.64356
"2026_1242_1246",0.56338
"2026_1202_1246",0.06656
"2026_1196_1246",0.7724
"2026_1222_1246",0.76569
"2026_1228_1246",0.75814
"2026_1155_1246",0.42965
"2026_1234_1246",0.54056
"2026_1225_1246",0.10261
"2026_1235_1246",0.75304
"2026_1104_1246",0.59691
"2026_1208_1246",0.47946
"2026_1103_1246",0.26451
"2026_1220_1246",0.20831
"2026_1224_1246",0.05819
"2026_1112_1246",0.82603
"2026_1211_1246",0.6363
"2026_1116_1246",0.58653
"2026_1140_1246",0.54927
"2026_1219_1246",0.18308
"2026_1218_1246",0.15343
"2026_1244_1246",0.08813
"2026_1181_1208",0.85359
"2026_1163_1208",0.66403
"2026_1202_1208",0.07267
"2026_1196_1208",0.78636
"2026_1155_1208",0.44794
"2026_1104_1208",0.62021
"2026_1103_1208",0.2808
"2026_1112_1208",0.83595
"2026_1116_1208",0.60886
"2026_1140_1208",0.56837
"2026_1181_1387",0.88973
"2026_1163_1387",0.72014
"2026_1277_1387",0.73358
"2026_1242_1387",0.64436
"2026_1385_1387",0.65324
"2026_1257_1387",0.68167
"2026_1326_1387",0.59678
"2026_1378_1387",0.42963
"2026_1320_1387",0.33618
"2026_1295_1387",0.19139
"2026_1202_1387",0.09956
"2026_1373_1387",0.08978
"2026_1196_1387",0.82709
"2026_1222_1387",0.82624
"2026_1228_1387",0.81706
"2026_1304_1387",0.69701
"2026_1314_1387",0.55832
"2026_1155_1387",0.5151
"2026_1234_1387",0.62384
"2026_1270_1387",0.33205
"2026_1335_1387",0.13241
"2026_1225_1387",0.14856
"2026_1250_1387",0.03227
"2026_1341_1387",0.0334
"2026_1276_1387",0.8779
"2026_1235_1387",0.81611
"2026_1104_1387",0.67903
"2026_1246_1387",0.58464
"2026_1208_1387",0.5638
"2026_1365_1387",0.51264
"2026_1275_1387",0.23896
"2026_1374_1387",0.52361
"2026_1103_1387",0.33921
"2026_1220_1387",0.27552
"2026_1224_1387",0.08683
"2026_1112_1387",0.87671
"2026_1345_1387",0.78696
"2026_1211_1387",0.71516
"2026_1116_1387",0.66925
"2026_1140_1387",0.63375
"2026_1274_1387",0.55046
"2026_1281_1387",0.43646
"2026_1301_1387",0.55346
"2026_1219_1387",0.24705
"2026_1218_1387",0.21124
"2026_1244_1387",0.12989
"2026_1254_1387",0.07587
"2026_1181_1365",0.8784
"2026_1163_1365",0.70483
"2026_1277_1365",0.72045
"2026_1242_1365",0.62905
"2026_1257_1365",0.66875
"2026_1326_1365",0.5787
"2026_1320_1365",0.3247
"2026_1295_1365",0.18196
"2026_1202_1365",0.09186
"2026_1196_1365",0.817
"2026_1222_1365",0.81519
"2026_1228_1365",0.80731
"2026_1304_1365",0.68267
"2026_1314_1365",0.54006
"2026_1155_1365",0.50022
"2026_1234_1365",0.607
"2026_1270_1365",0.31951
"2026_1335_1365",0.12387
"2026_1225_1365",0.13933
"2026_1250_1365",0.02875
"2026_1341_1365",0.03076
"2026_1276_1365",0.86795
"2026_1235_1365",0.80515
"2026_1104_1365",0.66611
"2026_1246_1365",0.57069
"2026_1208_1365",0.54728
"2026_1275_1365",0.22622
"2026_1103_1365",0.32368
"2026_1220_1365",0.26422
"2026_1224_1365",0.08016
"2026_1112_1365",0.86754
"2026_1345_1365",0.77387
"2026_1211_1365",0.7013
"2026_1116_1365",0.65441
"2026_1140_1365",0.61995
"2026_1274_1365",0.53417
"2026_1281_1365",0.41788
"2026_1301_1365",0.53451
"2026_1219_1365",0.23462
"2026_1218_1365",0.20287
"2026_1244_1365",0.12018
"2026_1254_1365",0.07002
"2026_1181_1275",0.97326
"2026_1163_1275",0.90319
"2026_1242_1275",0.86006
"2026_1257_1275",0.88307
"2026_1202_1275",0.28289
"2026_1196_1275",0.95173
"2026_1222_1275",0.95117
"2026_1228_1275",0.94721
"2026_1155_1275",0.77188
"2026_1234_1275",0.84801
"2026_1270_1275",0.61703
"2026_1225_1275",0.37121
"2026_1250_1275",0.12844
"2026_1235_1275",0.94763
"2026_1104_1275",0.88123
"2026_1246_1275",0.8235
"2026_1208_1275",0.80993
"2026_1103_1275",0.61707
"2026_1220_1275",0.54831
"2026_1224_1275",0.25977
"2026_1112_1275",0.96969
"2026_1211_1275",0.89966
"2026_1116_1275",0.8737
"2026_1140_1275",0.8545
"2026_1274_1275",0.79969
"2026_1219_1275",0.51371
"2026_1218_1275",0.46828
"2026_1244_1275",0.33415
"2026_1254_1275",0.23935
"2026_1181_1374",0.87728
"2026_1163_1374",0.70258
"2026_1277_1374",0.7159
"2026_1242_1374",0.62346
"2026_1257_1374",0.66222
"2026_1326_1374",0.57598
"2026_1320_1374",0.3206
"2026_1295_1374",0.17885
"2026_1202_1374",0.08956
"2026_1373_1374",0.08197
"2026_1196_1374",0.81822
"2026_1222_1374",0.81178
"2026_1228_1374",0.80482
"2026_1304_1374",0.6772
"2026_1314_1374",0.53539
"2026_1155_1374",0.49211
"2026_1234_1374",0.60469
"2026_1270_1374",0.31644
"2026_1335_1374",0.12294
"2026_1225_1374",0.13486
"2026_1250_1374",0.02953
"2026_1341_1374",0.02952
"2026_1276_1374",0.86642
"2026_1235_1374",0.79919
"2026_1104_1374",0.6634
"2026_1246_1374",0.56615
"2026_1208_1374",0.5411
"2026_1365_1374",0.49577
"2026_1275_1374",0.22264
"2026_1103_1374",0.3204
"2026_1220_1374",0.25873
"2026_1224_1374",0.0776
"2026_1112_1374",0.86457
"2026_1345_1374",0.76958
"2026_1211_1374",0.69645
"2026_1116_1374",0.64868
"2026_1140_1374",0.61395
"2026_1274_1374",0.52961
"2026_1281_1374",0.41616
"2026_1301_1374",0.52833
"2026_1219_1374",0.22944
"2026_1218_1374",0.19532
"2026_1244_1374",0.1174
"2026_1254_1374",0.06831
"2026_1181_1220",0.96348
"2026_1163_1220",0.87896
"2026_1202_1220",0.24352
"2026_1196_1220",0.93754
"2026_1155_1220",0.73385
"2026_1104_1220",0.85627
"2026_1208_1220",0.77397
"2026_1103_1220",0.57007
"2026_1112_1220",0.96031
"2026_1211_1220",0.8767
"2026_1116_1220",0.84886
"2026_1140_1220",0.82475
"2026_1219_1220",0.46387
"2026_1218_1220",0.41723
"2026_1181_1460",0.98857
"2026_1163_1460",0.94876
"2026_1277_1460",0.95296
"2026_1242_1460",0.92372
"2026_1385_1460",0.92852
"2026_1257_1460",0.93729
"2026_1417_1460",0.89344
"2026_1326_1460",0.90452
"2026_1395_1460",0.83558
"2026_1416_1460",0.80893
"2026_1378_1460",0.80937
"2026_1320_1460",0.74121
"2026_1295_1460",0.57653
"2026_1202_1460",0.40974
"2026_1373_1460",0.39023
"2026_1196_1460",0.97786
"2026_1222_1460",0.97702
"2026_1228_1460",0.97489
"2026_1304_1460",0.94249
"2026_1435_1460",0.95007
"2026_1314_1460",0.88683
"2026_1388_1460",0.90492
"2026_1155_1460",0.86216
"2026_1234_1460",0.91539
"2026_1401_1460",0.86671
"2026_1433_1460",0.81871
"2026_1270_1460",0.73812
"2026_1407_1460",0.49739
"2026_1335_1460",0.48155
"2026_1225_1460",0.50446
"2026_1250_1460",0.21609
"2026_1341_1460",0.21908
"2026_1276_1460",0.98678
"2026_1235_1460",0.97514
"2026_1438_1460",0.93773
"2026_1104_1460",0.93716
"2026_1403_1460",0.93525
"2026_1397_1460",0.94415
"2026_1246_1460",0.89959
"2026_1208_1460",0.88954
"2026_1387_1460",0.85621
"2026_1365_1460",0.86492
"2026_1275_1460",0.63526
"2026_1374_1460",0.86805
"2026_1103_1460",0.73984
"2026_1220_1460",0.68064
"2026_1398_1460",0.39857
"2026_1224_1460",0.38135
"2026_1420_1460",0.40379
"2026_1112_1460",0.98631
"2026_1345_1460",0.96816
"2026_1211_1460",0.94871
"2026_1116_1460",0.9324
"2026_1458_1460",0.9115
"2026_1140_1460",0.91844
"2026_1274_1460",0.88264
"2026_1437_1460",0.87815
"2026_1429_1460",0.8782
"2026_1281_1460",0.8166
"2026_1301_1460",0.8816
"2026_1400_1460",0.87861
"2026_1219_1460",0.64892
"2026_1218_1460",0.60145
"2026_1244_1460",0.47082
"2026_1254_1460",0.356
"2026_1181_1398",0.9941
"2026_1163_1398",0.97133
"2026_1277_1398",0.97428
"2026_1242_1398",0.95472
"2026_1385_1398",0.95629
"2026_1257_1398",0.96303
"2026_1326_1398",0.94102
"2026_1395_1398",0.89352
"2026_1378_1398",0.87405
"2026_1320_1398",0.81665
"2026_1295_1398",0.67177
"2026_1202_1398",0.51427
"2026_1373_1398",0.49162
"2026_1196_1398",0.98885
"2026_1222_1398",0.98724
"2026_1228_1398",0.98721
"2026_1304_1398",0.96775
"2026_1314_1398",0.92932
"2026_1388_1398",0.94259
"2026_1155_1398",0.91138
"2026_1234_1398",0.94811
"2026_1270_1398",0.81643
"2026_1335_1398",0.58361
"2026_1225_1398",0.60586
"2026_1250_1398",0.29867
"2026_1341_1398",0.30443
"2026_1276_1398",0.9936
"2026_1235_1398",0.98664
"2026_1104_1398",0.96303
"2026_1397_1398",0.9671
"2026_1246_1398",0.93601
"2026_1208_1398",0.93002
"2026_1387_1398",0.90551
"2026_1365_1398",0.91285
"2026_1275_1398",0.72627
"2026_1374_1398",0.91595
"2026_1103_1398",0.81495
"2026_1220_1398",0.76532
"2026_1224_1398",0.47988
"2026_1112_1398",0.99315
"2026_1345_1398",0.98315
"2026_1211_1398",0.97083
"2026_1116_1398",0.96068
"2026_1140_1398",0.95117
"2026_1274_1398",0.92691
"2026_1281_1398",0.87691
"2026_1301_1398",0.92638
"2026_1219_1398",0.73408
"2026_1218_1398",0.69758
"2026_1244_1398",0.56835
"2026_1254_1398",0.45587
"2026_1181_1224",0.99506
"2026_1163_1224",0.97449
"2026_1202_1224",0.52828
"2026_1196_1224",0.98881
"2026_1222_1224",0.98892
"2026_1155_1224",0.92037
"2026_1104_1224",0.96614
"2026_1208_1224",0.93609
"2026_1103_1224",0.82673
"2026_1220_1224",0.77829
"2026_1112_1224",0.99387
"2026_1211_1224",0.97217
"2026_1116_1224",0.96414
"2026_1140_1224",0.95579
"2026_1219_1224",0.75234
"2026_1218_1224",0.71071
"2026_1181_1420",0.99396
"2026_1163_1420",0.97059
"2026_1277_1420",0.97153
"2026_1242_1420",0.95272
"2026_1385_1420",0.95461
"2026_1257_1420",0.96184
"2026_1417_1420",0.93431
"2026_1326_1420",0.93874
"2026_1395_1420",0.88696
"2026_1416_1420",0.86671
"2026_1378_1420",0.87006
"2026_1320_1420",0.81134
"2026_1295_1420",0.6672
"2026_1202_1420",0.50697
"2026_1373_1420",0.48646
"2026_1196_1420",0.98806
"2026_1222_1420",0.98755
"2026_1228_1420",0.98647
"2026_1304_1420",0.96581
"2026_1314_1420",0.92465
"2026_1388_1420",0.94026
"2026_1155_1420",0.90997
"2026_1234_1420",0.94708
"2026_1401_1420",0.91247
"2026_1270_1420",0.80859
"2026_1407_1420",0.59116
"2026_1335_1420",0.57526
"2026_1225_1420",0.60046
"2026_1250_1420",0.29334
"2026_1341_1420",0.29805
"2026_1276_1420",0.99315
"2026_1235_1420",0.98647
"2026_1104_1420",0.96136
"2026_1403_1420",0.96023
"2026_1397_1420",0.96544
"2026_1246_1420",0.93525
"2026_1208_1420",0.92863
"2026_1387_1420",0.90394
"2026_1365_1420",0.90893
"2026_1275_1420",0.72356
"2026_1374_1420",0.91238
"2026_1103_1420",0.80974
"2026_1220_1420",0.76051
"2026_1398_1420",0.49498
"2026_1224_1420",0.47511
"2026_1112_1420",0.99281
"2026_1345_1420",0.98139
"2026_1211_1420",0.96937
"2026_1116_1420",0.95859
"2026_1140_1420",0.95005
"2026_1274_1420",0.92418
"2026_1281_1420",0.87222
"2026_1301_1420",0.9227
"2026_1400_1420",0.92085
"2026_1219_1420",0.72832
"2026_1218_1420",0.69106
"2026_1244_1420",0.56428
"2026_1254_1420",0.4478
"2026_1104_1112",0.24884
"2026_1103_1112",0.05988
"2026_1181_1345",0.66238
"2026_1163_1345",0.41794
"2026_1277_1345",0.43048
"2026_1242_1345",0.33609
"2026_1257_1345",0.37436
"2026_1326_1345",0.28995
"2026_1320_1345",0.11275
"2026_1295_1345",0.04871
"2026_1202_1345",0.0195
"2026_1196_1345",0.56719
"2026_1222_1345",0.55828
"2026_1228_1345",0.54736
"2026_1304_1345",0.38991
"2026_1314_1345",0.25828
"2026_1155_1345",0.22192
"2026_1234_1345",0.31416
"2026_1270_1345",0.11155
"2026_1335_1345",0.02817
"2026_1225_1345",0.03356
"2026_1250_1345",0.00409
"2026_1341_1345",0.00424
"2026_1276_1345",0.64755
"2026_1235_1345",0.54195
"2026_1104_1345",0.37185
"2026_1246_1345",0.28364
"2026_1208_1345",0.26518
"2026_1275_1345",0.06627
"2026_1103_1345",0.1142
"2026_1220_1345",0.0817
"2026_1224_1345",0.0151
"2026_1112_1345",0.64092
"2026_1211_1345",0.41348
"2026_1116_1345",0.36251
"2026_1140_1345",0.32803
"2026_1274_1345",0.25519
"2026_1281_1345",0.16939
"2026_1301_1345",0.25319
"2026_1219_1345",0.06845
"2026_1218_1345",0.05536
"2026_1244_1345",0.02644
"2026_1254_1345",0.01341
"2026_1181_1211",0.74248
"2026_1163_1211",0.50654
"2026_1202_1211",0.03272
"2026_1196_1211",0.64852
"2026_1155_1211",0.29774
"2026_1104_1211",0.46211
"2026_1208_1211",0.34464
"2026_1103_1211",0.16252
"2026_1112_1211",0.71807
"2026_1116_1211",0.44833
"2026_1140_1211",0.41013
"2026_1104_1116",0.51152
"2026_1103_1116",0.19443
"2026_1112_1116",0.75996
"2026_1181_1458",0.82355
"2026_1163_1458",0.61759
"2026_1277_1458",0.6319
"2026_1242_1458",0.53415
"2026_1385_1458",0.54313
"2026_1257_1458",0.57296
"2026_1417_1458",0.46291
"2026_1326_1458",0.48232
"2026_1395_1458",0.35642
"2026_1416_1458",0.31925
"2026_1378_1458",0.32469
"2026_1320_1458",0.24047
"2026_1295_1458",0.12619
"2026_1202_1458",0.05932
"2026_1373_1458",0.05225
"2026_1196_1458",0.74774
"2026_1222_1458",0.74308
"2026_1228_1458",0.73117
"2026_1304_1458",0.58878
"2026_1435_1458",0.61403
"2026_1314_1458",0.44249
"2026_1388_1458",0.49033
"2026_1155_1458",0.4012
"2026_1234_1458",0.50961
"2026_1401_1458",0.40993
"2026_1433_1458",0.33109
"2026_1270_1458",0.2403
"2026_1407_1458",0.08746
"2026_1335_1458",0.0811
"2026_1225_1458",0.09148
"2026_1250_1458",0.01645
"2026_1341_1458",0.01688
"2026_1276_1458",0.81138
"2026_1235_1458",0.72897
"2026_1438_1458",0.57488
"2026_1104_1458",0.5718
"2026_1403_1458",0.56457
"2026_1397_1458",0.59654
"2026_1246_1458",0.47154
"2026_1208_1458",0.44847
"2026_1387_1458",0.38613
"2026_1365_1458",0.40176
"2026_1275_1458",0.15661
"2026_1374_1458",0.40568
"2026_1103_1458",0.24348
"2026_1220_1458",0.19214
"2026_1398_1458",0.05465
"2026_1224_1458",0.04965
"2026_1420_1458",0.05586
"2026_1112_1458",0.80596
"2026_1345_1458",0.69464
"2026_1211_1458",0.61162
"2026_1116_1458",0.55934
"2026_1140_1458",0.52218
"2026_1274_1458",0.43913
"2026_1437_1458",0.42825
"2026_1429_1458",0.43044
"2026_1281_1458",0.32514
"2026_1301_1458",0.43798
"2026_1400_1458",0.43193
"2026_1219_1458",0.16528
"2026_1218_1458",0.13751
"2026_1244_1458",0.07794
"2026_1254_1458",0.04295
"2026_1104_1140",0.55148
"2026_1103_1140",0.22315
"2026_1112_1140",0.79126
"2026_1116_1140",0.54035
"2026_1181_1274",0.85857
"2026_1163_1274",0.67234
"2026_1242_1274",0.59448
"2026_1257_1274",0.63627
"2026_1202_1274",0.07745
"2026_1196_1274",0.79249
"2026_1222_1274",0.79055
"2026_1228_1274",0.77972
"2026_1155_1274",0.46248
"2026_1234_1274",0.57207
"2026_1270_1274",0.28661
"2026_1225_1274",0.11913
"2026_1250_1274",0.02334
"2026_1235_1274",0.78126
"2026_1104_1274",0.63458
"2026_1246_1274",0.53158
"2026_1208_1274",0.51232
"2026_1103_1274",0.28997
"2026_1220_1274",0.23684
"2026_1224_1274",0.06756
"2026_1112_1274",0.84442
"2026_1211_1274",0.66817
"2026_1116_1274",0.61673
"2026_1140_1274",0.58313
"2026_1219_1274",0.20641
"2026_1218_1274",0.17462
"2026_1244_1274",0.10234
"2026_1254_1274",0.05977
"2026_1181_1437",0.86574
"2026_1163_1437",0.68561
"2026_1277_1437",0.69506
"2026_1242_1437",0.6083
"2026_1385_1437",0.61456
"2026_1257_1437",0.64567
"2026_1417_1437",0.53421
"2026_1326_1437",0.55676
"2026_1395_1437",0.43024
"2026_1416_1437",0.38744
"2026_1378_1437",0.38929
"2026_1320_1437",0.30138
"2026_1295_1437",0.16688
"2026_1202_1437",0.08265
"2026_1373_1437",0.07459
"2026_1196_1437",0.79982
"2026_1222_1437",0.79972
"2026_1228_1437",0.79177
"2026_1304_1437",0.66144
"2026_1435_1437",0.67954
"2026_1314_1437",0.51309
"2026_1388_1437",0.56184
"2026_1155_1437",0.47402
"2026_1234_1437",0.58577
"2026_1401_1437",0.4782
"2026_1433_1437",0.39714
"2026_1270_1437",0.29654
"2026_1407_1437",0.11864
"2026_1335_1437",0.11167
"2026_1225_1437",0.12726
"2026_1250_1437",0.02584
"2026_1341_1437",0.02669
"2026_1276_1437",0.85525
"2026_1235_1437",0.7875
"2026_1104_1437",0.64415
"2026_1403_1437",0.63598
"2026_1397_1437",0.66375
"2026_1246_1437",0.54495
"2026_1208_1437",0.52381
"2026_1387_1437",0.45938
"2026_1365_1437",0.47557
"2026_1275_1437",0.20627
"2026_1374_1437",0.4817
"2026_1103_1437",0.30268
"2026_1220_1437",0.24517
"2026_1398_1437",0.07705
"2026_1224_1437",0.0712
"2026_1420_1437",0.08073
"2026_1112_1437",0.85192
"2026_1345_1437",0.75516
"2026_1211_1437",0.67837
"2026_1116_1437",0.6303
"2026_1140_1437",0.59409
"2026_1274_1437",0.51233
"2026_1429_1437",0.4997
"2026_1281_1437",0.39643
"2026_1301_1437",0.51048
"2026_1400_1437",0.50633
"2026_1219_1437",0.21541
"2026_1218_1437",0.18265
"2026_1244_1437",0.10993
"2026_1254_1437",0.0638
"2026_1181_1429",0.86744
"2026_1163_1429",0.68051
"2026_1277_1429",0.6976
"2026_1242_1429",0.60631
"2026_1385_1429",0.61354
"2026_1257_1429",0.63895
"2026_1417_1429",0.53567
"2026_1326_1429",0.55428
"2026_1395_1429",0.42544
"2026_1416_1429",0.38761
"2026_1378_1429",0.38788
"2026_1320_1429",0.30251
"2026_1295_1429",0.16693
"2026_1202_1429",0.08253
"2026_1373_1429",0.07459
"2026_1196_1429",0.80071
"2026_1222_1429",0.79597
"2026_1228_1429",0.78791
"2026_1304_1429",0.65862
"2026_1314_1429",0.5144
"2026_1388_1429",0.562
"2026_1155_1429",0.47208
"2026_1234_1429",0.58328
"2026_1401_1429",0.47978
"2026_1270_1429",0.29588
"2026_1407_1429",0.11808
"2026_1335_1429",0.11215
"2026_1225_1429",0.12486
"2026_1250_1429",0.02509
"2026_1341_1429",0.02685
"2026_1276_1429",0.85455
"2026_1235_1429",0.78707
"2026_1104_1429",0.64182
"2026_1403_1429",0.6324
"2026_1397_1429",0.66155
"2026_1246_1429",0.54116
"2026_1208_1429",0.52246
"2026_1387_1429",0.45686
"2026_1365_1429",0.47573
"2026_1275_1429",0.2053
"2026_1374_1429",0.47832
"2026_1103_1429",0.3003
"2026_1220_1429",0.24494
"2026_1398_1429",0.07818
"2026_1224_1429",0.07156
"2026_1420_1429",0.08062
"2026_1112_1429",0.85012
"2026_1345_1429",0.75238
"2026_1211_1429",0.67705
"2026_1116_1429",0.63204
"2026_1140_1429",0.59109
"2026_1274_1429",0.51097
"2026_1281_1429",0.39331
"2026_1301_1429",0.50877
"2026_1400_1429",0.50322
"2026_1219_1429",0.2132
"2026_1218_1429",0.18175
"2026_1244_1429",0.10567
"2026_1254_1429",0.06421
"2026_1181_1281",0.9164
"2026_1163_1281",0.77173
"2026_1277_1281",0.78324
"2026_1242_1281",0.70409
"2026_1257_1281",0.73733
"2026_1202_1281",0.13242
"2026_1196_1281",0.86651
"2026_1222_1281",0.86501
"2026_1228_1281",0.85776
"2026_1155_1281",0.58017
"2026_1234_1281",0.68651
"2026_1270_1281",0.39311
"2026_1225_1281",0.18887
"2026_1250_1281",0.04667
"2026_1276_1281",0.90787
"2026_1235_1281",0.85658
"2026_1104_1281",0.73594
"2026_1246_1281",0.64557
"2026_1208_1281",0.62705
"2026_1275_1281",0.28813
"2026_1103_1281",0.39744
"2026_1220_1281",0.33341
"2026_1224_1281",0.11649
"2026_1112_1281",0.90599
"2026_1211_1281",0.76798
"2026_1116_1281",0.72663
"2026_1140_1281",0.69306
"2026_1274_1281",0.61393
"2026_1219_1281",0.29813
"2026_1218_1281",0.26206
"2026_1244_1281",0.16585
"2026_1254_1281",0.10374
"2026_1181_1301",0.86122
"2026_1163_1301",0.67479
"2026_1277_1301",0.69065
"2026_1242_1301",0.59681
"2026_1257_1301",0.63258
"2026_1295_1301",0.16027
"2026_1202_1301",0.07923
"2026_1196_1301",0.79522
"2026_1222_1301",0.79078
"2026_1228_1301",0.78243
"2026_1155_1301",0.46329
"2026_1234_1301",0.57663
"2026_1270_1301",0.29104
"2026_1225_1301",0.1185
"2026_1250_1301",0.0241
"2026_1276_1301",0.85271
"2026_1235_1301",0.77956
"2026_1104_1301",0.63218
"2026_1246_1301",0.53564
"2026_1208_1301",0.51404
"2026_1275_1301",0.19863
"2026_1103_1301",0.29197
"2026_1220_1301",0.23656
"2026_1224_1301",0.06893
"2026_1112_1301",0.84572
"2026_1211_1301",0.67025
"2026_1116_1301",0.62021
"2026_1140_1301",0.58268
"2026_1274_1301",0.49911
"2026_1281_1301",0.38671
"2026_1219_1301",0.20856
"2026_1218_1301",0.17615
"2026_1244_1301",0.10415
"2026_1254_1301",0.05907
"2026_1181_1400",0.86524
"2026_1163_1400",0.68108
"2026_1277_1400",0.69249
"2026_1242_1400",0.60063
"2026_1385_1400",0.61122
"2026_1257_1400",0.63936
"2026_1326_1400",0.55138
"2026_1395_1400",0.4239
"2026_1378_1400",0.38592
"2026_1320_1400",0.29628
"2026_1295_1400",0.16297
"2026_1202_1400",0.08081
"2026_1373_1400",0.07294
"2026_1196_1400",0.79804
"2026_1222_1400",0.79566
"2026_1228_1400",0.78533
"2026_1304_1400",0.65595
"2026_1314_1400",0.50971
"2026_1388_1400",0.55646
"2026_1155_1400",0.46956
"2026_1234_1400",0.57872
"2026_1270_1400",0.2937
"2026_1335_1400",0.11196
"2026_1225_1400",0.12264
"2026_1250_1400",0.02416
"2026_1341_1400",0.02665
"2026_1276_1400",0.85388
"2026_1235_1400",0.78337
"2026_1104_1400",0.63724
"2026_1397_1400",0.65783
"2026_1246_1400",0.53853
"2026_1208_1400",0.52018
"2026_1387_1400",0.45659
"2026_1365_1400",0.47064
"2026_1275_1400",0.20258
"2026_1374_1400",0.47527
"2026_1103_1400",0.29614
"2026_1220_1400",0.24007
"2026_1398_1400",0.07732
"2026_1224_1400",0.06926
"2026_1112_1400",0.85133
"2026_1345_1400",0.75313
"2026_1211_1400",0.67697
"2026_1116_1400",0.62907
"2026_1140_1400",0.58764
"2026_1274_1400",0.50634
"2026_1281_1400",0.3924
"2026_1301_1400",0.50919
"2026_1219_1400",0.21292
"2026_1218_1400",0.1798
"2026_1244_1400",0.10569
"2026_1254_1400",0.06165
"2026_1181_1219",0.97195
"2026_1163_1219",0.89639
"2026_1202_1219",0.27654
"2026_1196_1219",0.94898
"2026_1155_1219",0.76548
"2026_1104_1219",0.87658
"2026_1208_1219",0.80316
"2026_1103_1219",0.60579
"2026_1112_1219",0.96863
"2026_1211_1219",0.89392
"2026_1116_1219",0.86918
"2026_1140_1219",0.84902
"2026_1218_1219",0.45459
"2026_1181_1218",0.97781
"2026_1163_1218",0.91609
"2026_1202_1218",0.31421
"2026_1196_1218",0.95933
"2026_1155_1218",0.79935
"2026_1104_1218",0.8978
"2026_1208_1218",0.82999
"2026_1103_1218",0.64564
"2026_1112_1218",0.97434
"2026_1211_1218",0.91446
"2026_1116_1218",0.89014
"2026_1140_1218",0.87309
"2026_1181_1244",0.99089
"2026_1163_1244",0.95901
"2026_1242_1244",0.93394
"2026_1202_1244",0.43943
"2026_1196_1244",0.98151
"2026_1222_1244",0.98124
"2026_1228_1244",0.97948
"2026_1155_1244",0.8794
"2026_1234_1244",0.92764
"2026_1225_1244",0.53971
"2026_1235_1244",0.97893
"2026_1104_1244",0.94552
"2026_1208_1244",0.90409
"2026_1103_1244",0.76419
"2026_1220_1244",0.70814
"2026_1224_1244",0.41091
"2026_1112_1244",0.9883
"2026_1211_1244",0.95545
"2026_1116_1244",0.94187
"2026_1140_1244",0.92934
"2026_1219_1244",0.67343
"2026_1218_1244",0.63643
"2026_1181_1474",0.99372
"2026_1163_1474",0.96842
"2026_1277_1474",0.97129
"2026_1242_1474",0.94899
"2026_1385_1474",0.9521
"2026_1257_1474",0.95899
"2026_1417_1474",0.92792
"2026_1326_1474",0.93449
"2026_1395_1474",0.88021
"2026_1416_1474",0.86015
"2026_1378_1474",0.86132
"2026_1320_1474",0.80322
"2026_1465_1474",0.67058
"2026_1295_1474",0.65725
"2026_1202_1474",0.4918
"2026_1373_1474",0.47076
"2026_1196_1474",0.98701
"2026_1222_1474",0.98513
"2026_1228_1474",0.9843
"2026_1304_1474",0.96342
"2026_1435_1474",0.96728
"2026_1314_1474",0.91952
"2026_1388_1474",0.93567
"2026_1155_1474",0.90411
"2026_1234_1474",0.94381
"2026_1401_1474",0.90722
"2026_1433_1474",0.86865
"2026_1270_1474",0.79974
"2026_1407_1474",0.57806
"2026_1335_1474",0.5607
"2026_1225_1474",0.59058
"2026_1250_1474",0.28058
"2026_1341_1474",0.28399
"2026_1276_1474",0.99218
"2026_1235_1474",0.98506
"2026_1438_1474",0.95882
"2026_1104_1474",0.95879
"2026_1403_1474",0.95745
"2026_1397_1474",0.96378
"2026_1246_1474",0.93007
"2026_1208_1474",0.92372
"2026_1387_1474",0.89678
"2026_1365_1474",0.90458
"2026_1275_1474",0.70626
"2026_1374_1474",0.90452
"2026_1103_1474",0.80145
"2026_1220_1474",0.74916
"2026_1460_1474",0.58264
"2026_1398_1474",0.48198
"2026_1224_1474",0.46073
"2026_1420_1474",0.48508
"2026_1112_1474",0.99159
"2026_1345_1474",0.98011
"2026_1211_1474",0.9668
"2026_1116_1474",0.95616
"2026_1458_1474",0.9401
"2026_1140_1474",0.94549
"2026_1274_1474",0.91843
"2026_1437_1474",0.91398
"2026_1429_1474",0.91571
"2026_1281_1474",0.86546
"2026_1301_1474",0.91795
"2026_1400_1474",0.91639
"2026_1219_1474",0.7189
"2026_1218_1474",0.67966
"2026_1244_1474",0.54955
"2026_1254_1474",0.43699
"2026_1181_1254",0.99569
"2026_1163_1254",0.97778
"2026_1242_1254",0.96343
"2026_1202_1254",0.55453
"2026_1196_1254",0.99093
"2026_1222_1254",0.99129
"2026_1228_1254",0.99019
"2026_1155_1254",0.92966
"2026_1234_1254",0.95968
"2026_1225_1254",0.65321
"2026_1250_1254",0.33708
"2026_1235_1254",0.99043
"2026_1104_1254",0.97114
"2026_1246_1254",0.94927
"2026_1208_1254",0.94468
"2026_1103_1254",0.84211
"2026_1220_1254",0.7982
"2026_1224_1254",0.52567
"2026_1112_1254",0.99498
"2026_1211_1254",0.97679
"2026_1116_1254",0.96898
"2026_1140_1254",0.96157
"2026_1219_1254",0.77229
"2026_1218_1254",0.73604
"2026_1244_1254",0.61355
