"V1","Rk","Team","Conf","NetRtg","ORtg","DRtg","AdjT","Luck","SS_NetRtg","SS_ORtg","SS_DRtg","NCSOS_NetRtg","TeamID"
0,1,"Duke","ACC",39.4,129.1,89.7,66.3,-0.043,9.18,112.8,103.7,9.96,1181
1,2,"Auburn","SEC",37.67,130.7,93,68.6,0.063,18.31,117.2,98.9,11,1120
2,3,"Houston","B12",35.14,124.4,89.2,61.3,-0.001,13.2,113.4,100.2,3.25,1222
3,4,"Florida","SEC",33.97,126.8,92.9,69.5,-0.005,12.32,113.4,101.1,-1.18,1196
4,5,"Tennessee","SEC",31.4,118.5,87.1,64,0.03,14.83,116.7,101.9,-0.36,1397
5,6,"Alabama","SEC",29.44,127.3,97.8,75,0.029,18.25,117.7,99.5,12.59,1104
6,7,"Texas Tech","B12",27.59,124.3,96.7,65.9,-0.047,10.9,111.9,101,-4.19,1403
7,8,"Gonzaga","WCC",27.25,125.1,97.9,70.4,-0.092,7.05,111.5,104.5,9.83,1211
8,9,"Michigan St.","B10",26.9,118.1,91.2,67.8,-0.001,12.74,114.3,101.6,0.54,1277
9,10,"Wisconsin","B10",26.73,124,97.2,67.8,-0.044,13.32,114.6,101.2,0.72,1458
10,11,"Iowa St.","B12",26.49,119.5,93,69,-0.021,11.94,113.3,101.3,-0.89,1235
11,12,"Missouri","SEC",25.81,126.2,100.4,68.4,-0.031,11.42,112.9,101.4,-8.69,1281
12,13,"Arizona","B12",25.16,120.1,95,70.3,-0.053,15.47,115.5,100.1,6.06,1112
13,14,"Maryland","B10",24.8,118.5,93.7,70.1,-0.035,9.85,113.1,103.3,-9.94,1268
14,15,"St. John's","BE",24.66,113.8,89.1,70.2,-0.026,8.48,111.8,103.3,0.33,1385
15,16,"Purdue","B10",24.65,124.1,99.4,65.4,-0.005,15.98,116,100,10.85,1345
16,17,"Clemson","ACC",24.61,120.9,96.3,64.1,-0.03,8.71,112.6,103.9,4.4,1155
17,18,"Kentucky","SEC",24.41,125.3,100.9,70.9,-0.019,18,117,99,4.74,1246
18,19,"Illinois","B10",24.28,121.9,97.6,71.6,-0.035,16.06,115.2,99.1,3.68,1228
19,20,"Saint Mary's","WCC",23.57,117.1,93.5,62.2,0.015,5.7,111.4,105.7,5.8,1388
20,21,"Kansas","B12",23.42,115.2,91.7,68.9,-0.037,15.29,115.1,99.8,8.68,1242
21,22,"Texas A&M","SEC",22.99,115.9,93,66.8,0.011,16.15,115.8,99.7,7.77,1401
22,23,"Marquette","BE",22.56,118.2,95.7,67.6,0.006,11.36,113.1,101.7,9.28,1266
23,24,"Louisville","ACC",22.53,118.8,96.3,69.2,0.051,10.38,113.4,103,7.74,1257
24,25,"BYU","B12",22.3,123.4,101.1,67.3,0.01,9.93,111.6,101.6,-6.81,1140
25,26,"Mississippi","SEC",22.08,118,96,68.4,0.007,14.35,114.9,100.6,0.07,1279
26,27,"UCLA","B10",21.69,116.8,95.1,65,-0.005,12.77,114.2,101.4,-4.22,1417
27,28,"VCU","A10",21.26,116.9,95.7,66.6,-0.059,0.77,107.4,106.6,-3.27,1433
28,29,"Michigan","B10",21.18,117.1,95.9,69.9,0.073,13.35,114.1,100.8,4.43,1276
29,30,"Mississippi St.","SEC",20.38,119,98.6,68,0.059,15.29,115.8,100.5,1.73,1280
30,31,"Baylor","B12",20.32,121.1,100.7,65.4,-0.046,15.45,114.1,98.6,8.09,1124
31,32,"Ohio St.","B10",19.55,118.1,98.5,67.6,-0.064,14.81,115.4,100.6,3.7,1326
32,33,"Oregon","B10",19.53,117.7,98.2,68.1,0.085,14.36,115.1,100.8,4.67,1332
33,34,"Georgia","SEC",18.95,115.5,96.6,66.8,-0.002,13.94,114.2,100.3,-4.53,1208
34,35,"UC San Diego","BW",18.57,116.2,97.7,66.3,0.003,-1.25,106.6,107.9,-1.64,1471
35,36,"Arkansas","SEC",19.33,114.4,95.1,69.4,-0.007,15.21,115.3,100.1,-2.61,1116
35,36,"Connecticut","BE",18.29,122.3,104,64.4,-0.019,10.47,112.6,102.2,0.16,1163
36,37,"Creighton","BE",18.08,116.1,98,68,0.039,12.13,112.9,100.8,6.47,1166
37,38,"Vanderbilt","SEC",17.8,119.8,102,69.5,0.061,12.98,114.2,101.3,-5.9,1435
38,39,"North Carolina","ACC",17.21,119.2,102,71,-0.003,11.72,113.9,102.2,13.87,1314
39,40,"New Mexico","MWC",17.17,113.7,96.5,73.4,0.006,6.55,109.7,103.2,5.85,1307
40,43,"Indiana","B10",16.66,115.4,98.7,68.4,0.031,13.1,114.8,101.7,1.91,1231
41,44,"Xavier","BE",16.61,114.8,98.2,69.2,-0.016,9.6,111.5,101.9,-0.35,1462
42,45,"Oklahoma","SEC",16.57,118.3,101.8,68.8,-0.005,13.85,114.2,100.3,-4.53,1328
43,46,"SMU","ACC",16.57,118.6,102,69.1,0.03,6.25,111.2,104.9,-2.78,1374
44,47,"Memphis","Amer",16.53,114.7,98.2,70.7,0.079,7.95,112.7,104.8,16.72,1272
45,48,"Boise St.","MWC",16.42,116.6,100.2,66,-0.003,6.07,109.8,103.7,2.47,1129
46,49,"Northwestern","B10",16.34,115.1,98.7,65,-0.092,11.98,113.9,101.9,-1.46,1321
47,50,"Cincinnati","B12",16.16,112.6,96.5,65.6,-0.034,11.73,113.3,101.5,-4.61,1153
48,51,"Texas","SEC",15.99,116.7,100.7,67.5,-0.075,12.76,113.8,101,-7.74,1400
49,52,"Nebraska","B10",15.66,113.2,97.5,67.6,0.012,12.53,114.2,101.7,-2.01,1304
50,53,"West Virginia","B12",15.58,110.1,94.6,64.4,0.012,14.31,113.8,99.5,1.83,1452
51,54,"Santa Clara","WCC",15.17,116.9,101.7,69.3,-0.036,5.45,110.5,105.1,4.88,1365
52,55,"Villanova","BE",15.16,119.7,104.5,63.2,-0.067,8.07,111,102.9,-5.42,1437
53,56,"Utah St.","MWC",14.69,121,106.3,68.2,0.104,6.46,109.8,103.4,1.59,1429
54,57,"Colorado St.","MWC",14.47,115.4,100.9,66.3,0.012,5.58,109.4,103.8,2.23,1161
55,58,"Pittsburgh","ACC",14.13,117.1,103,66.4,-0.044,10.04,113.4,103.4,4.75,1338
56,59,"McNeese","Slnd",13.66,114.8,101.1,65.6,-0.026,-1.28,106,107.3,9.78,1270
57,60,"Drake","MVC",13,113.4,100.4,59.4,0.008,0,108.1,108.1,-1.77,1179
58,61,"North Texas","Amer",12.8,110.5,97.7,60.7,-0.005,2.41,109.7,107.3,2.73,1317
59,62,"USC","B10",12.49,116.6,104.1,68.7,-0.045,12.39,114,101.6,-1.03,1425
60,63,"San Francisco","WCC",12.47,112.3,99.9,67.7,0.062,3.64,109.9,106.3,-0.54,1362
61,64,"Penn St.","B10",12.43,114.6,102.2,70.1,-0.104,9.35,112.4,103.1,-9.82,1336
62,65,"Arizona St.","B12",12.23,112.3,100.1,68.8,-0.015,15.33,114.8,99.5,9.07,1113
63,66,"Kansas St.","B12",12.14,111.5,99.4,67.6,-0.06,12.45,112.4,100,-0.53,1243
64,67,"South Carolina","SEC",11.69,110.5,98.8,65.7,-0.066,14.22,115.5,101.3,-0.96,1376
65,68,"Utah","B12",11.61,113.6,102,68.9,-0.018,10.4,112.3,101.9,-8.53,1428
66,69,"Rutgers","B10",11.55,116.2,104.6,69,-0.031,13.48,114,100.5,-1.74,1353
67,70,"UC Irvine","BW",11.52,105.6,94.1,68.9,0.063,0.73,107.7,107,4.76,1414
68,71,"Butler","BE",11.5,116.6,105.1,67.9,-0.09,10.97,112.5,101.6,3.81,1139
69,72,"Yale","Ivy",11.12,115.9,104.7,68.1,-0.072,-2.38,107,109.3,-0.08,1463
70,73,"Liberty","CUSA",11.1,109.2,98.1,65.7,-0.015,0.33,106.5,106.1,-2.19,1251
71,74,"Iowa","B10",11.05,118,106.9,70.1,-0.036,11.33,113.8,102.4,-7.5,1234
72,75,"Saint Joseph's","A10",10.88,111.6,100.8,68.3,-0.07,1.15,107.1,106,-3.57,1386
73,76,"Nevada","MWC",10.68,113.8,103.1,63.9,-0.086,5.32,109.8,104.5,3.17,1305
74,77,"LSU","SEC",10.42,111.2,100.8,68.1,-0.064,13.05,114.2,101.2,-6.44,1261
75,78,"Wake Forest","ACC",10.32,109.1,98.7,67.5,0.11,8.87,112.3,103.4,-1.45,1448
76,79,"Dayton","A10",10.32,116.1,105.8,66.2,0.032,4.66,108.9,104.2,5.29,1173
77,80,"UCF","B12",10.27,115.5,105.3,72.2,0.044,12.37,112.4,100.1,-0.21,1416
78,83,"George Mason","A10",9.52,105.3,95.8,64.8,0.077,1.31,108.2,106.9,-4.67,1206
79,84,"Lipscomb","ASun",9.48,113.1,103.6,66.5,-0.042,-3.86,106.5,110.4,4.58,1252
80,85,"Georgetown","BE",9.42,108.3,98.9,68.5,-0.027,6.77,110.4,103.7,-11.14,1207
81,86,"Stanford","ACC",9.34,112.9,103.5,66.8,0.069,4.87,109.9,105,-3.45,1390
82,87,"Arkansas St.","SB",8.98,110.2,101.2,70,-0.06,-2.41,105.6,108,1.63,1117
83,88,"High Point","BSth",8.79,118.6,109.8,67,0.005,-5.04,105.2,110.2,-5.09,1219
84,89,"Minnesota","B10",8.48,111.2,102.7,62.6,0.053,11.31,113.3,102,-5.24,1278
85,90,"Florida St.","ACC",8.34,110,101.7,70.2,0.011,6.71,111.2,104.5,-1.83,1199
86,91,"UNLV","MWC",7.77,108.2,100.5,65.9,0.001,6.02,110.7,104.6,4.1,1424
87,92,"Providence","BE",7.71,113,105.3,66.6,-0.072,10.43,112.6,102.2,0.73,1344
88,93,"Bradley","MVC",7.66,112.4,104.7,66.1,0.088,0.48,108.8,108.3,-2.12,1133
89,94,"Notre Dame","ACC",7.53,114,106.5,65.2,-0.103,7.92,111.8,103.9,0.87,1323
90,95,"Colorado","B12",7.25,107.6,100.3,67.6,-0.063,13.02,113.7,100.7,-1.11,1160
91,96,"Georgia Tech","ACC",6.94,108.3,101.3,68.9,-0.01,6.47,111.3,104.8,-6.98,1210
92,97,"Oklahoma St.","B12",6.5,108.6,102.1,71.4,0.08,12.11,113.6,101.4,-2.29,1329
93,98,"Grand Canyon","WAC",6.38,105.8,99.5,72,0.04,-2.56,104.3,106.8,-2.05,1213
94,99,"CSUN","BW",6.33,110.1,103.8,72.4,0.024,-2.03,105.7,107.7,-4.41,1169
95,100,"Northern Iowa","MVC",6.22,110.5,104.2,65.5,0.012,0.88,108.3,107.4,-0.84,1320
96,101,"St. Bonaventure","A10",6.19,108,101.8,64.1,0.01,1.69,108.1,106.5,-3.16,1382
97,102,"Virginia","ACC",6.18,111.8,105.6,61.3,0.019,9.77,112.5,102.8,1.73,1438
98,103,"Akron","MAC",6.1,112.1,106,72.3,0.067,-3.07,105.6,108.7,1.93,1103
99,104,"Washington","B10",6,109.9,103.9,68.2,0.015,12.96,114.2,101.2,-3.29,1449
100,105,"Saint Louis","A10",5.59,109.4,103.9,67.5,-0.015,3.88,108.6,104.7,0.4,1387
101,106,"Samford","SC",5.44,113.3,107.8,71.1,0.017,-2.24,106.3,108.5,0.43,1359
102,107,"UAB","Amer",5.19,117.4,112.2,69.4,-0.041,-1.54,106.3,107.9,-7.44,1412
103,108,"UNC Wilmington","CAA",5.08,113.2,108.1,65.8,0.039,-4.03,105.5,109.5,-4,1423
104,109,"Troy","SB",5.01,106.8,101.8,66.3,-0.013,-2.39,105.9,108.3,1.41,1407
105,110,"Chattanooga","SC",5.01,116.2,111.2,66.9,0.064,-1.97,105.8,107.8,0.97,1151
106,111,"North Alabama","ASun",4.94,112.6,107.7,66.9,0.012,-5.32,105.3,110.7,-2.09,1466
107,112,"Florida Atlantic","Amer",4.44,113.1,108.7,69.5,-0.004,3.62,108.8,105.2,4.92,1194
108,113,"Jacksonville St.","CUSA",4.43,109.9,105.5,65.4,0.051,2.43,108.1,105.7,0.58,1240
109,114,"Louisiana Tech","CUSA",4.27,110.9,106.6,64.7,0.056,1.9,106.7,104.8,-1.31,1256
110,115,"California","ACC",4.18,111.4,107.2,67.9,-0.027,6.49,111.6,105.1,-1.05,1143
111,116,"Middle Tennessee","CUSA",4.17,109.8,105.7,68.5,0.123,3.72,108.1,104.3,3.73,1292
112,117,"South Alabama","SB",4.14,107.7,103.5,63.3,-0.024,-3.84,105,108.8,-2.12,1375
113,118,"George Washington","A10",4.09,106.8,102.7,67.4,-0.031,-1.87,105.3,107.1,-10.72,1203
114,119,"Kent St.","MAC",3.92,106.9,103,66,0.008,-2.49,106.6,109.1,2.68,1245
115,120,"South Dakota St.","Sum",3.87,111,107.1,69.2,-0.018,-1.01,109,110,4.55,1355
116,123,"Syracuse","ACC",3.38,110.7,107.3,68.8,0.025,8.62,112.4,103.7,3.08,1393
117,124,"Wichita St.","Amer",3.32,108.4,105.1,68.7,0.045,2.38,108.5,106.2,1.98,1455
118,125,"St. Thomas","Sum",3.32,114.7,111.4,67.9,-0.002,-2.53,107.8,110.3,0.04,1472
119,126,"North Dakota St.","Sum",3.15,116.2,113.1,65.1,0.013,-2.31,108.4,110.7,0.44,1295
120,127,"N.C. State","ACC",3.02,108.3,105.3,65.2,-0.08,7.54,111.8,104.3,-4.62,1301
121,128,"Loyola Chicago","A10",2.94,107.6,104.7,67.5,0.074,0.4,106.9,106.5,-8.7,1260
122,129,"UNC Greensboro","SC",2.81,108.6,105.8,64.2,-0.006,-1.21,107.8,109,2.43,1422
123,130,"Northern Colorado","BSky",2.79,112.1,109.3,69.4,0.065,-3.26,106.6,109.8,2.82,1294
124,131,"Wofford","SC",2.78,112.2,109.4,64.4,-0.052,0.38,107.9,107.5,6.27,1459
125,132,"Belmont","MVC",2.76,114.1,111.4,70.8,0.092,0.19,107.4,107.2,-1.09,1125
126,133,"East Tennessee St.","SC",2.74,107.8,105.1,65.4,-0.071,-2.83,106.5,109.3,-2.19,1190
127,134,"Duquesne","A10",2.58,106.3,103.7,65.4,-0.105,1.59,107.5,105.9,-1.7,1182
128,135,"New Mexico St.","CUSA",2.57,103.3,100.8,65.4,-0.018,2.56,107.2,104.6,2.27,1308
129,136,"DePaul","BE",2.56,108.7,106.2,67.3,-0.074,8.58,111.2,102.6,-9,1177
130,137,"Cornell","Ivy",2.43,114.3,111.9,71.1,-0.027,-1.94,106.5,108.4,-2.03,1165
131,138,"Milwaukee","Horz",2.3,108.5,106.2,68.9,0.012,-2.56,106.6,109.2,3.02,1454
132,139,"Davidson","A10",2.29,111.3,109,65.6,-0.001,0.7,107,106.3,-4.03,1172
133,140,"Kennesaw St.","CUSA",2.24,105.8,103.5,70.8,0.027,3.26,107.6,104.3,3.84,1244
134,141,"Illinois St.","MVC",2.09,113.7,111.6,65.8,-0.011,1.01,108.5,107.5,-0.69,1229
135,142,"Rhode Island","A10",2.02,109.2,107.2,70.6,0.016,-0.02,106.4,106.4,-5.65,1348
136,143,"UC Riverside","BW",1.9,110.7,108.8,67.4,0.13,3.16,108.7,105.6,9.24,1415
137,144,"Western Kentucky","CUSA",1.87,104.4,102.6,72.4,0.034,3.52,108,104.5,2.72,1443
138,145,"UC Santa Barbara","BW",1.77,109.3,107.5,65.5,-0.015,-2.9,105.2,108.1,-7.63,1364
139,146,"Virginia Tech","ACC",1.56,108.4,106.8,65.5,0.031,6.76,111.5,104.7,-0.26,1439
140,147,"Murray St.","MVC",1.39,106.5,105.2,65.1,-0.039,2.28,108.9,106.6,1.94,1293
141,148,"Furman","SC",1.38,108.3,106.9,66.1,0.13,-1.62,106.6,108.2,0.85,1202
142,149,"Seattle","WAC",1.38,106.2,104.8,66,-0.176,1.2,106.1,104.9,5.66,1370
143,150,"Towson","CAA",0.97,106.8,105.8,63.7,0.097,-1.56,106.4,108,3.93,1406
144,151,"UTEP","CUSA",0.9,106,105.1,68.8,0.036,2.44,106.9,104.4,1.48,1431
145,152,"Robert Morris","Horz",0.87,106.1,105.2,68.3,0.083,-5.88,105.2,111.1,-8.14,1352
146,153,"Charleston","CAA",0.84,106.9,106.1,70.7,0.153,-2.08,106.3,108.4,0.56,1158
147,154,"James Madison","SB",0.83,111.4,110.6,65,0.066,-1.06,106.3,107.4,4.5,1241
148,155,"Tulane","Amer",0.6,107.9,107.3,67.1,-0.019,-1.8,106.5,108.3,-5.71,1408
149,156,"Radford","BSth",0.55,110.3,109.8,63.2,0.065,-1.65,107.6,109.2,2.18,1347
150,157,"Loyola Marymount","WCC",0.49,103.8,103.3,67.2,0.075,3.81,109.9,106.1,0.46,1258
152,159,"Bryant","AE",0.26,107.4,107.1,72.5,-0.008,-4.84,104.4,109.3,0.88,1136
153,160,"Appalachian St.","SB",0.21,101.8,101.6,63.6,-0.017,-2.3,107.2,109.5,4.1,1111
154,163,"Purdue Fort Wayne","Horz",-0.13,110.4,110.5,69.9,-0.001,-3.4,105.7,109.1,0.85,1236
155,164,"Cal Baptist","WAC",-0.23,106.9,107.1,66.4,-0.026,-0.38,105.3,105.7,0.59,1465
156,165,"Miami OH","MAC",-0.25,108.1,108.3,69.4,0.095,-4.94,104.5,109.4,-2.39,1275
157,166,"Cleveland St.","Horz",-0.27,104.7,104.9,66,0.04,-3.74,105.8,109.6,0.19,1156
158,167,"Marshall","SB",-0.41,106.8,107.2,69.1,0.005,-3.83,105.9,109.7,-3.27,1267
159,168,"Sam Houston St.","CUSA",-0.46,110.4,110.8,67.8,-0.072,5.58,108.4,102.8,7.96,1358
160,169,"Florida Gulf Coast","ASun",-0.58,108.6,109.2,65.5,-0.026,-3,106.6,109.6,4.36,1195
161,170,"Lamar","Slnd",-0.59,103.4,104,65.6,0.045,-1.96,105.9,107.8,4.31,1249
162,171,"Nicholls","Slnd",-0.59,107.4,108,68.4,0.059,-1.09,105.5,106.6,8.95,1311
163,172,"San Jose St.","MWC",-0.59,108.8,109.4,66.4,0.004,5.21,109.6,104.4,-2.74,1363
164,173,"Temple","Amer",-0.72,110.2,110.9,69,0.008,0.79,107.8,107,-1.26,1396
165,174,"Winthrop","BSth",-0.74,109.1,109.8,73,0.085,-3.39,106.3,109.7,-2.41,1457
166,175,"Central Connecticut","NEC",-0.8,101.8,102.6,66.2,0.036,-10.04,101.6,111.6,-1.6,1148
167,176,"Jacksonville","ASun",-0.93,102.3,103.3,67.8,0.067,-2.23,108,110.2,7.46,1239
168,177,"Ohio","MAC",-1.14,107.2,108.3,70.6,-0.041,-2.64,106.6,109.3,-0.57,1325
169,178,"Montana","BSky",-1.15,110.6,111.8,67.3,0.19,-1.03,107.4,108.5,9.69,1285
170,179,"Nebraska Omaha","Sum",-1.3,111.3,112.6,67.7,0.069,-1.71,107.7,109.4,1,1303
171,180,"Norfolk St.","MEAC",-1.36,109.5,110.8,66.7,0.024,-5.83,104,109.9,3.59,1313
172,181,"Wyoming","MWC",-1.45,104.7,106.1,65.2,-0.006,6.15,110.7,104.6,-2.39,1461
173,182,"Boston College","ACC",-1.56,105.1,106.7,66.8,0.023,5,110.2,105.2,-6.02,1130
174,183,"Eastern Kentucky","ASun",-1.59,110.2,111.8,67.9,0.019,-2.08,106.9,108.9,5.14,1184
175,184,"Rice","Amer",-1.7,108.1,109.8,65.6,-0.063,-1.33,106.1,107.5,-7.12,1349
176,185,"Montana St.","BSky",-1.72,106.5,108.3,66.2,-0.075,-1.38,106.9,108.3,5.88,1286
177,186,"Elon","CAA",-1.9,107.3,109.1,65.3,-0.03,-2.77,106,108.8,0.18,1189
178,187,"Dartmouth","Ivy",-2.02,101.8,103.8,71.4,-0.044,-3.35,106.7,110.1,-5.13,1171
179,188,"Southern Illinois","MVC",-2.32,105.7,108.1,68.3,-0.046,1.73,109.4,107.6,3.23,1356
180,189,"Central Michigan","MAC",-2.37,106.8,109.2,67.6,-0.099,-0.83,107.3,108.1,11.98,1141
181,190,"Texas St.","SB",-2.38,111.1,113.5,66,-0.028,-1.74,105.3,107,0.51,1402
182,191,"Princeton","Ivy",-2.38,105.5,107.9,66.9,0.153,-0.23,107.8,108.1,0.52,1343
183,192,"Miami FL","ACC",-2.41,114,116.4,67.5,-0.152,8.5,111.3,102.8,-2.1,1274
184,193,"Seton Hall","BE",-2.48,100.1,102.5,64.6,-0.049,9.83,112,102.2,-1.95,1371
185,194,"Southeastern Louisiana","Slnd",-2.53,105.3,107.8,67.4,0.024,-3.25,105.5,108.8,-0.21,1368
186,195,"South Carolina St.","MEAC",-2.67,103.6,106.3,69.1,-0.051,-6.68,104.1,110.8,1.34,1354
187,196,"Portland St.","BSky",-2.67,101.5,104.2,68.6,0.022,-3.67,106.8,110.5,-0.56,1340
188,197,"Oakland","Horz",-2.7,107.1,109.8,64,-0.001,0.62,108.1,107.5,14.24,1324
189,198,"South Florida","Amer",-2.7,104,106.7,68.5,-0.04,0.3,108.9,108.6,-4.75,1378
190,199,"Idaho St.","BSky",-2.71,106.9,109.7,66.2,-0.067,-3.13,106.4,109.6,2.99,1226
191,200,"UTSA","Amer",-2.73,107.7,110.4,70.3,-0.052,1.87,108.2,106.4,1.79,1427
192,203,"Drexel","CAA",-2.95,102,104.9,63.2,-0.042,-4.31,106,110.3,-4.75,1180
193,204,"Merrimack","MAAC",-3.01,100.4,103.4,65.1,0.006,-4.63,105.1,109.7,7.87,1467
194,205,"Massachusetts","A10",-3.05,103.8,106.9,70.6,-0.034,1.49,107,105.5,-2.67,1269
195,206,"Indiana St.","MVC",-3.22,109,112.2,72.5,-0.03,0.67,107.5,106.9,-3.53,1232
196,207,"Quinnipiac","MAAC",-3.29,101.6,104.9,72.2,0.045,-5.55,103.3,108.9,0.86,1346
198,209,"Cal Poly","BW",-3.42,108,111.4,74.9,0.006,3.13,108.1,105,5.49,1142
199,210,"Longwood","BSth",-3.43,106.5,110,69.2,0.011,-3.43,107.3,110.7,-3.16,1255
200,211,"Campbell","CAA",-3.46,102.8,106.2,66.3,-0.056,-3.41,105.8,109.2,-3.36,1144
201,212,"Northeastern","CAA",-3.46,104.2,107.7,67.6,0.03,-3.46,104.8,108.3,-3.11,1318
202,213,"Youngstown St.","Horz",-3.54,102.9,106.4,69.7,0.044,-4.85,105.6,110.4,-5.68,1464
203,214,"Brown","Ivy",-3.55,104,107.6,66.1,0.033,-3.31,106.5,109.8,-4.51,1135
204,215,"Hampton","CAA",-3.96,104.5,108.4,65.8,-0.014,-2.09,107,109,0.93,1214
205,216,"Abilene Christian","WAC",-4.18,98.9,103,69.2,0.039,-0.89,105.3,106.2,1.36,1101
206,217,"Bucknell","PL",-4.23,103.1,107.3,67.7,0.009,-6.35,104.2,110.5,0.54,1137
207,218,"Hawaii","BW",-4.25,103.9,108.2,66.2,0.04,-0.93,106.2,107.1,-2.2,1218
208,219,"Little Rock","OVC",-4.26,98.9,103.2,67.4,0.012,-7.29,102.4,109.6,2.6,1114
209,220,"William & Mary","CAA",-4.29,108.6,112.8,71.4,0.047,-2.15,105.8,108,-0.77,1456
210,221,"UT Arlington","WAC",-4.43,107.6,112,67.9,-0.029,-1.2,104.7,105.9,0.65,1426
211,222,"Wright St.","Horz",-4.46,109.5,113.9,67.8,-0.071,-2.85,106.5,109.3,0.8,1460
212,223,"Maine","AE",-4.65,102.1,106.7,66.2,-0.024,-6.51,104,110.5,-2.75,1263
213,224,"Hofstra","CAA",-4.68,98.4,103,63.9,-0.033,-1.67,106.2,107.8,2.97,1220
214,225,"Southern","SWAC",-4.77,100.7,105.5,69.1,0.091,-5.91,103.1,109,11.72,1380
215,226,"Fordham","A10",-5.09,106.5,111.5,70.1,0.004,2.08,107.2,105.1,-2.84,1200
216,227,"Vermont","AE",-5.25,100.3,105.5,62.6,0.114,-5.5,104.8,110.2,-0.77,1436
217,228,"Presbyterian","BSth",-5.44,105.2,110.6,64.4,-0.027,-2.13,107.6,109.7,-0.53,1342
218,229,"Northwestern St.","Slnd",-5.49,102.4,107.8,64.4,0.067,-0.4,106.8,107.2,12.21,1322
219,230,"Valparaiso","MVC",-5.55,106.5,112.1,68.8,-0.003,0.38,107.2,106.8,-4.08,1434
220,231,"SIUE","OVC",-5.56,101.9,107.5,66.5,0.044,-8.64,102.1,110.8,-2.74,1188
221,232,"South Dakota","Sum",-5.59,110.4,116,74.7,0.084,-3.08,107.5,110.6,-3.17,1377
222,233,"UC Davis","BW",-5.66,97.2,102.9,67.6,0.084,0.33,108.1,107.8,2.52,1413
223,234,"Missouri St.","MVC",-5.71,102.1,107.8,64.1,-0.11,1.55,109.5,108,0.92,1283
224,235,"UMass Lowell","AE",-5.75,109.4,115.1,69.1,0.006,-6.99,102.1,109.1,-2.44,1262
226,237,"Kansas City","Sum",-6.2,100.9,107.1,65,-0.102,-1.33,109.1,110.4,1.5,1282
227,238,"Richmond","A10",-6.24,103.4,109.7,64,-0.008,3.22,108.8,105.6,-1.92,1350
228,239,"Pepperdine","WCC",-6.35,105.4,111.8,69.7,-0.061,2.6,108.2,105.6,-3.49,1337
229,240,"Northern Kentucky","Horz",-6.36,102.2,108.6,66.1,0.063,-1.89,107.2,109.1,4.19,1297
230,243,"La Salle","A10",-6.55,102.8,109.4,69.1,0.047,2.24,108.2,106,-0.78,1247
231,244,"Jackson St.","SWAC",-6.55,101.6,108.2,68.9,-0.003,-0.95,105.9,106.9,17.18,1238
232,245,"Manhattan","MAAC",-6.56,108.8,115.3,67.7,0.009,-7.69,102.1,109.8,-5.12,1264
233,246,"Northern Arizona","BSky",-6.91,105.7,112.6,67.1,0.011,-4.65,106,110.7,-4.28,1319
234,247,"Georgia Southern","SB",-7.07,103,110.1,69.9,0.074,-3.92,105.8,109.7,-2.33,1204
235,248,"Fresno St.","MWC",-7.07,101,108.1,71,-0.025,6.97,110.9,104,-1.31,1201
236,249,"Incarnate Word","Slnd",-7.08,107,114,64.6,-0.02,-5.14,103.8,108.9,-4.6,1230
237,250,"Toledo","MAC",-7.12,110.9,118,68.4,0.13,-1.99,106.4,108.4,4.11,1405
238,251,"Evansville","MVC",-7.12,98.9,106.1,67.1,-0.023,1.75,109.3,107.5,1.68,1191
239,252,"American","PL",-7.19,102.3,109.5,63.6,0.128,-5.52,104.5,110,2.16,1110
240,253,"Marist","MAAC",-7.2,99,106.2,64.4,0.099,-10.23,101.6,111.9,-10.68,1265
241,254,"FIU","CUSA",-7.45,97.8,105.2,69.1,-0.071,0.31,107.6,107.3,-5.26,1198
242,255,"Mercer","SC",-7.51,100.7,108.2,71.6,-0.031,-1.67,106.9,108.6,-1.37,1273
243,256,"Sacred Heart","MAAC",-7.66,105.7,113.4,70.5,-0.03,-7.02,102.8,109.8,-1.89,1357
244,257,"Tennessee St.","OVC",-7.73,102.3,110.1,71.2,-0.058,-7.66,102,109.7,0.51,1398
245,258,"North Florida","ASun",-7.8,110.1,117.9,72.4,0.049,-1.58,107.2,108.8,7.67,1316
246,259,"Gardner Webb","BSth",-8.14,104.1,112.2,69.3,-0.008,-1.34,108.2,109.5,0.85,1205
247,260,"Mount St. Mary's","MAAC",-8.14,101.2,109.3,68.2,0.146,-6.76,103.3,110,-0.48,1291
248,261,"Portland","WCC",-8.3,106.4,114.7,68.7,0.039,2.46,108.6,106.2,-3.2,1339
249,262,"Charlotte","Amer",-8.34,104.8,113.2,65.2,-0.006,0.11,108.2,108.1,-3.33,1150
250,263,"Harvard","Ivy",-8.35,102,110.4,65.8,0.045,-1.46,106.6,108,-2.44,1217
251,264,"Albany","AE",-8.41,103.3,111.7,67.8,0.015,-6.96,103.5,110.5,-3.75,1107
252,265,"Iona","MAAC",-8.48,97.7,106.2,68.9,-0.011,-6.62,103.6,110.2,-2.61,1233
253,266,"Colgate","PL",-8.52,105.5,114,67.4,-0.045,-4.7,104.3,109,3.01,1159
254,267,"Delaware","CAA",-8.72,108.4,117.1,70.9,-0.012,-2.16,104.9,107.1,-0.97,1174
255,268,"Georgia St.","SB",-8.91,106.8,115.7,69.2,0.016,-2.72,105.9,108.6,-1.3,1209
256,269,"Austin Peay","ASun",-8.98,102.6,111.5,66.4,0.025,-0.95,108.7,109.7,6.21,1122
257,270,"North Dakota","Sum",-9.15,108.2,117.4,69.2,-0.018,-0.29,108.8,109.1,3.11,1315
258,271,"Idaho","BSky",-9.17,108.6,117.8,66.3,0.023,-1.91,106.3,108.2,2.87,1225
259,272,"Columbia","Ivy",-9.2,107.1,116.3,70.7,-0.015,-4.94,104.9,109.9,-9.89,1162
260,273,"Houston Christian","Slnd",-9.2,101.7,110.9,65.2,-0.004,-2.25,105.4,107.7,5.59,1223
261,274,"Navy","PL",-9.22,101.9,111.2,67,-0.07,-7.82,102.5,110.3,-5.43,1298
262,275,"Ball St.","MAC",-9.26,104.8,114.1,66.4,-0.04,-6.3,104.6,110.9,-6.04,1123
263,276,"Monmouth","CAA",-9.39,104.1,113.5,67.6,0.03,-1.28,106.3,107.6,2.94,1284
264,277,"Texas Southern","SWAC",-9.5,96.3,105.8,70,-0.047,-5.75,103.3,109,13.57,1411
265,278,"Stephen F. Austin","Slnd",-9.64,95.3,104.9,67.7,0.055,-2.14,105.5,107.7,1.45,1372
267,280,"Southern Utah","WAC",-9.94,100.6,110.6,69.2,0.041,-0.48,105.6,106.1,0.62,1381
268,283,"Pacific","WCC",-9.99,102,112,66.7,-0.024,3.66,109.8,106.1,0.52,1334
269,284,"LIU","NEC",-10.04,94.7,104.7,65.4,0.006,-9.21,102.5,111.7,-2.07,1254
270,285,"Tulsa","Amer",-10.11,100.7,110.8,66.4,-0.063,-1.55,107.1,108.6,-8.82,1409
271,286,"Penn","Ivy",-10.12,104.5,114.6,67.1,-0.014,-1.03,106.6,107.6,-0.89,1335
272,287,"Eastern Washington","BSky",-10.37,103,113.4,67.4,0.002,-0.36,108.2,108.5,6.99,1186
273,288,"Saint Peter's","MAAC",-10.38,96.4,106.8,63.7,0.005,-5.39,104.5,109.9,0.38,1389
274,289,"San Diego St","WCC",-10.55,99.7,110.3,71.1,-0.096,2.2,108.6,106.4,-3.06,1361
275,290,"Lafayette","PL",-10.61,98.7,109.3,66.3,-0.084,-7.46,103.6,111.1,-4.44,1248
276,291,"Southern Miss","SB",-10.66,98.3,109,71.5,-0.023,-1.11,106.3,107.4,0.94,1379
277,292,"Bowling Green","MAC",-10.75,100.1,110.8,69.3,0.011,-5.81,105.1,110.9,-5.94,1132
278,293,"Alabama St.","SWAC",-10.78,102.3,113.1,68.1,-0.009,-8.1,102.1,110.2,7.01,1106
279,294,"Eastern Michigan","MAC",-10.83,103.8,114.7,67.3,0.13,-4.75,105.9,110.6,-2.81,1185
281,296,"VMI","SC",-11.05,100.8,111.9,68.6,0.008,-1.53,107.3,108.8,-1.64,1440
282,297,"Charleston Southern","BSth",-11.18,100.7,111.8,67.7,0.039,0.71,109.4,108.7,5.3,1149
283,298,"UMBC","AE",-11.27,107.1,118.3,70.9,-0.067,-7.11,102.4,109.5,-4.49,1420
284,299,"Utah Tech","WAC",-11.33,103.2,114.5,67.5,-0.078,0.87,106.4,105.5,4.37,1469
285,300,"Weber St.","BSky",-11.41,101.4,112.9,65.9,-0.014,-1.57,107.5,109,3.31,1451
286,301,"Western Michigan","MAC",-11.64,101.6,113.2,68.1,-0.004,-3.38,106.6,110,0.45,1444
287,302,"Boston University","PL",-11.76,99.1,110.9,63.2,0.07,-7.4,103.1,110.5,-4.85,1131
288,303,"Air Force","MWC",-12.14,99.9,112.1,64.5,-0.088,4.51,109.4,104.9,-3.65,1102
289,304,"Tennessee Tech","OVC",-12.19,101.4,113.6,68.1,0.058,-7.11,102.3,109.4,1.32,1399
290,305,"Denver","Sum",-12.24,99.2,111.5,66.8,0.003,-1.29,109.1,110.3,0.06,1176
291,306,"Old Dominion","SB",-12.24,100.8,113.1,66.5,0.015,-3.41,105.7,109.1,-2.09,1330
292,307,"Long Beach St.","BW",-12.29,102.8,115.1,64.3,-0.067,1.41,107.3,105.9,2.96,1253
293,308,"Delaware St.","MEAC",-12.42,101.3,113.7,71,0.062,-7.11,104.2,111.3,-1.18,1175
294,309,"St Francis PA","NEC",-12.76,99.7,112.5,67.1,0.06,-6.88,101.7,108.6,7.98,1384
294,309,"Louisiana","SB",-12.51,98.8,111.3,67,0.075,-1.01,106.1,107.1,1.91,1418
295,310,"Howard","MEAC",-12.68,104.7,117.4,69.7,0.02,-5.75,104.1,109.8,2.64,1224
296,311,"Loyola MD","PL",-12.92,100.4,113.4,67.1,-0.036,-7.66,102.6,110.3,-5.14,1259
297,312,"Binghamton","AE",-13.12,99.6,112.7,65.9,0.085,-6.15,104.1,110.2,-4.46,1127
298,313,"IU Indy","Horz",-13.3,109.1,122.4,65.2,-0.072,-3.3,105,108.3,-2.56,1237
299,314,"Eastern Illinois","OVC",-13.46,94,107.5,66.4,0.003,-5.16,103.7,108.9,11.72,1183
300,315,"Fairleigh Dickinson","NEC",-13.48,98.5,112,69.6,-0.068,-7.22,103.1,110.3,3.26,1192
301,316,"Army","PL",-13.48,101.4,114.9,67.8,0.132,-7.35,103.4,110.8,-4.3,1119
302,317,"Alcorn St.","SWAC",-13.49,99,112.5,65,-0.034,-1.96,105.5,107.4,14.02,1108
303,318,"Stonehill","NEC",-13.5,102,115.5,65.3,0.034,-9.16,101.2,110.4,-2.27,1476
304,319,"Florida A&M","SWAC",-13.51,100.7,114.2,67.4,0.077,-4.58,103.4,108,20.44,1197
305,320,"North Carolina Central","MEAC",-13.62,103,116.6,66.9,-0.006,-6.62,104.5,111.1,0.32,1300
306,323,"Rider","MAAC",-14.1,101,115.1,65.3,0.075,-4.91,103.8,108.7,0.53,1351
307,324,"Oral Roberts","Sum",-14.13,103.6,117.7,67.8,-0.01,1.03,110.1,109,7.9,1331
308,325,"Morehead St.","OVC",-14.29,98.5,112.8,64.1,0.089,-5.94,102.6,108.5,6.12,1287
309,326,"Lindenwood","OVC",-14.78,95.2,110,69.9,0.108,-6.73,103.2,109.9,4.67,1473
310,327,"Coastal Carolina","SB",-14.92,101,115.9,63.6,-0.039,-4.1,104.9,109,-5.19,1157
311,328,"Niagara","MAAC",-14.93,100.9,115.8,65.1,-0.017,-7.39,102.3,109.7,-4.35,1310
312,329,"Grambling St.","SWAC",-14.97,97,112,64.4,-0.079,-5.69,103.3,109,10.83,1212
313,330,"East Texas A&M","Slnd",-15.11,96.7,111.8,67.6,-0.027,-0.61,106.7,107.3,5.29,1477
314,331,"Morgan St.","MEAC",-15.17,103.8,119,70.5,0.016,-7.68,103.4,111.1,-3.01,1288
315,332,"North Carolina A&T","CAA",-15.51,98,113.5,69.3,-0.002,-2.19,105.9,108.1,-0.45,1299
316,333,"Stony Brook","CAA",-15.75,102,117.7,64.9,-0.009,-2.35,105.5,107.9,-0.11,1392
317,334,"Green Bay","Horz",-15.77,101.1,116.9,69,-0.055,-0.93,107.1,108,4.51,1453
318,335,"Southern Indiana","OVC",-16.54,98.9,115.4,67.2,-0.027,-7.18,102.5,109.7,-1.64,1475
319,336,"Fairfield","MAAC",-16.67,99.7,116.3,65.7,0.08,-5.84,103.1,109,-2.13,1193
320,337,"Detroit Mercy","Horz",-16.78,95.2,112,67,0.027,-1.83,107.5,109.3,1.44,1178
321,338,"USC Upstate","BSth",-16.84,99.5,116.4,72.9,-0.024,0.15,108.4,108.3,3.16,1367
322,339,"Sacramento St.","BSky",-17.27,95.2,112.5,65.8,-0.022,-2.52,106.9,109.4,0.02,1170
323,340,"Western Carolina","SC",-17.3,95.8,113.1,70.9,0.025,1.21,108.6,107.4,7.87,1441
324,341,"Buffalo","MAC",-17.52,96.3,113.8,71.3,0.031,-3.2,106.5,109.7,1.03,1138
325,342,"Bellarmine","ASun",-17.64,104.3,121.9,66.5,-0.109,-3.12,106.2,109.3,-0.85,1468
326,343,"Mercyhurst","NEC",-17.7,99.1,116.8,65,0.099,-8.46,101.7,110.2,-0.65,1479
327,344,"Central Arkansas","ASun",-18.1,98.2,116.3,66.6,0.036,-1.79,107.3,109.1,2.99,1146
328,345,"Cal St. Fullerton","BW",-18.11,95.5,113.6,68.4,-0.015,2.96,108,105,5.05,1168
330,347,"Western Illinois","OVC",-18.27,99.5,117.8,64.5,0.037,-7.42,102.1,109.6,-2.12,1442
331,348,"Wagner","NEC",-18.28,93.1,111.4,60.4,0.076,-9.89,100.7,110.5,-1.34,1447
332,349,"West Georgia","ASun",-18.28,97.4,115.7,68.3,0.012,-1.63,107.4,109.1,2.63,1480
333,350,"New Orleans","Slnd",-18.43,99.6,118,69.4,-0.016,1.44,107.6,106.2,10.88,1309
334,351,"Northern Illinois","MAC",-18.53,95.2,113.7,69.3,-0.117,-2.79,106.6,109.4,-0.21,1296
335,352,"Stetson","ASun",-19.29,99.9,119.2,67.9,-0.015,-3.7,106.6,110.3,0.55,1391
336,353,"Le Moyne","NEC",-20.38,101.2,121.6,68.9,0.003,-6.96,102.7,109.7,1.26,1478
337,354,"NJIT","AE",-20.64,93.3,113.9,66.6,-0.073,-5.48,104.2,109.7,-2.95,1312
338,355,"New Hampshire","AE",-21.22,94.6,115.9,67.6,0.023,-5.71,104.7,110.4,-2.34,1306
339,356,"The Citadel","SC",-21.38,96,117.4,64.7,-0.135,-2.08,106.7,108.8,-6.32,1154
340,357,"Prairie View A&M","SWAC",-21.81,96.1,117.9,70.6,-0.06,-4.04,104.5,108.5,11.26,1341
341,358,"Canisius","MAAC",-22.12,100.8,122.9,66.1,-0.08,-4.1,103.8,107.9,4.02,1145
342,359,"Alabama A&M","SWAC",-22.34,93.2,115.5,72,-0.019,-9.37,102.3,111.7,2.54,1105
343,360,"Maryland Eastern Shore","MEAC",-23.37,95.2,118.5,66.2,-0.105,-2.28,106.4,108.7,10.24,1271
344,363,"Arkansas Pine Bluff","SWAC",-26.82,95.1,122,72.2,-0.058,-7.4,102.3,109.7,7.54,1115
266,279,"Bethune Cookman","SWAC",-9.69,98.4,108.1,69.3,0.103,-4.03,104.4,108.4,9.7,1126
151,158,"Illinois Chicago","MVC",0.33,108.6,108.2,69.6,0.067,2.21,108.4,106.2,3.31,1227
329,346,"Louisiana Monroe","SB",-18.18,96.6,114.8,68.2,-0.02,-2.47,105.6,108.1,-2.86,1419
345,364,"Mississippi Valley St.","SWAC",-44.57,82.1,126.6,64.7,0.001,-1.6,105.4,107,19.28,1290
197,208,"Queens","ASun",-3.41,106.4,109.8,69,0.065,-3.31,106.4,109.7,1.52,1474
280,295,"Tennessee Martin","OVC",-11.03,100.8,111.8,66.9,-0.05,-6.67,102.5,109.2,3.26,1404
225,236,"UT Rio Grande Valley","Slnd",-6.14,105,111.1,70.7,0.007,-2.8,105.3,108.1,0.84,1410
