Rk,Team,Conf,G,Rec,AdjOE,AdjDE,Barthag,EFG%,EFGD%,TOR,TORD,ORB,DRB,FTR,FTRD,2P%,2P%D,3P%,3P%D,3PR,3PRD,Adj T.,WAB
1,Connecticut,BE,34,34-0,127.9,65.2,0.9996,59.7,39.3,17.4,33.5,34.7,28.1,19.4,20,59.8,38,39.6,27.4,36.1,44.2,71.8,13.6
2,UCLA,B10,32,31-1,133.5,72.4,0.9991,57.2,41.2,18.3,21.1,44,25.3,24,18.5,57.6,40.5,37.5,28.3,31.5,35.7,66.9,17.8
3,Texas,SEC,34,31-3,125.3,70.1,0.9988,53.2,43,16.6,31.3,40.9,27.5,29.7,34.8,53.8,42.5,33.9,29.4,19.1,30,70.6,15
4,South Carolina,SEC,34,31-3,126.6,71.4,0.9986,55.4,39.8,17.4,24.4,38.9,30.1,31.4,17.1,55.3,38.6,37.1,28.1,25.2,34.3,70.2,15.1
5,LSU,SEC,32,27-5,127.1,74.9,0.9977,54.6,40.1,19.1,25.9,47.1,27.7,33.4,27.1,53.8,37.9,38.1,29,21.5,40,75.5,9.4
6,Michigan,B10,31,25-6,116.9,73.6,0.9952,51.9,45.6,19.7,28.9,40.9,27.1,30.6,30,52.7,44.9,33.4,31.4,29.8,34.2,72.3,10.6
7,Duke,ACC,32,24-8,112.7,72.7,0.9936,49.2,41.2,20.7,23.9,36.6,29.4,28.1,21.9,48.4,41.2,33.9,27.4,30.1,26.5,70.1,8.3
8,Minnesota,B10,30,22-8,116.5,77.1,0.9914,50.1,44.7,16,24.5,36.4,24.3,22.6,22.4,49.3,43.3,34.7,31.2,29.6,40.1,65.9,5.9
9,Iowa,B10,32,26-6,115.1,76.7,0.9907,54.6,46.5,20.9,21,31.8,24.9,27.4,18.8,54.8,45.4,36.1,32.2,31.6,36.6,70,11.5
10,Vanderbilt,SEC,31,27-4,125.9,84,0.9906,54.3,47.7,17.9,28,36.9,34.4,27.1,22.5,54.1,48,36.4,31.6,40.6,34.3,71.2,10.4
11,Louisville,ACC,34,27-7,118.7,79.3,0.9904,51.9,44,18.6,23.9,37.4,26.9,23.3,24,52,44.5,34.6,28.7,33.9,35.4,69.4,8.5
12,Maryland,B10,31,23-8,117.4,79.2,0.9893,51,44.8,21,26.3,42.7,29.1,30.6,24.1,51.7,42,32.9,33.4,32,34.6,71.4,5.8
13,Ohio St.,B10,33,26-7,116.8,78.9,0.9892,51.7,46.2,17.9,28.1,31.3,32,25.1,24.4,51.5,43.9,34.7,33.7,34.8,35.1,73.8,10
14,Oklahoma,SEC,31,24-7,113.4,76.9,0.9886,49.6,40.9,20.1,22.2,39.2,26,28.6,31.8,52.2,40.1,29.2,28.2,31.3,35.1,77.6,7.5
15,TCU,B12,34,29-5,113.5,77.1,0.9885,54.4,37.9,19.6,20.4,32.7,25.9,22.6,25.8,55.2,36.7,35.5,27,41.2,31,67.7,7.5
16,West Virginia,B12,33,27-6,111.4,75.8,0.9882,51.2,45.9,21.5,30.8,37,27.1,34.5,26.6,50.8,44.4,34.7,32.9,32.2,31.2,69.9,7.9
17,Kentucky,SEC,33,23-10,115.2,78.5,0.988,51.5,41.8,18.3,19.4,35.6,25.7,26.2,26.5,52.7,41.7,33.2,28,41.1,32.3,67,5.4
18,North Carolina,ACC,33,26-7,112.5,77.5,0.9864,52.2,41.6,19.9,23,35.5,25.9,22.4,26.6,51.1,40.9,36.1,28.8,37,33.8,68.2,6.7
19,Washington,B10,31,21-10,112.8,79.1,0.9834,51,44.7,21.8,19.7,36.6,27.5,21.8,23.1,50.9,45.3,34,28.9,35.7,29.8,66.4,5
20,USC,B10,30,17-13,107.6,75.8,0.9824,46.7,43.7,19.7,23.9,32.8,32.2,26.4,26.8,47.5,43.8,30.3,29,38.8,28.4,69.6,3.8
21,Mississippi,SEC,34,23-11,114.3,80.7,0.9821,47.4,44.8,20,25.5,40.2,28.7,35.6,31.2,48.7,44.1,29.4,31.2,28.2,25.9,68.1,4.6
22,Michigan St.,B10,30,22-8,116.7,82.5,0.9817,54,48.9,17.7,27.3,34.6,30.4,31.5,25,53.4,48.5,36.9,33.1,32.2,36.6,71,6.2
23,Notre Dame,ACC,32,22-10,113.2,80.6,0.9803,51.6,47.3,17.7,27.3,29.6,30.8,24.5,27.4,51.1,47.8,35.3,30.8,28.9,31,71,4.9
24,Tennessee,SEC,29,16-13,113.6,81,0.9799,48.3,47.3,20.6,25.6,36.6,32.2,26.4,30,49.8,47.3,31,31.6,45.1,28.4,73.3,2.7
25,N.C. State,ACC,30,20-10,112.6,81.4,0.9766,49.5,44.6,16.8,17.8,31.6,24.3,23,15.9,50.4,44.9,31.5,29.4,28.9,36.4,70.8,3.1
26,Nebraska,B10,30,18-12,116.2,84.5,0.9751,53.9,50.2,19.2,25.6,31.4,30.1,26.7,27.2,54.7,52.3,35,30.9,35.9,35.2,70.1,1.7
27,Villanova,BE,32,25-7,109.4,79.7,0.9745,50.7,45.1,18.9,24.7,27.2,26.9,17.5,30.2,49.9,45.5,34.6,29.5,39.9,30.1,70.1,3.2
28,Oregon,B10,34,22-12,108.6,79.2,0.9741,50.7,45.5,20.4,25.2,29.4,29.7,27.3,24.9,50.5,47.1,34.2,28.4,32.2,35.2,70.7,3.4
29,Alabama,SEC,33,23-10,109.5,80.4,0.972,51,43.2,21.7,21.6,30.7,29.8,27.9,26.4,49,42.2,36,30.5,39.5,30.2,66.9,5.1
30,Texas Tech,B12,32,25-7,107.1,78.8,0.9717,51.1,41.2,22.4,27.6,30.5,31.8,31.3,32.2,50.9,41.4,34.3,27.1,39.1,31.9,68.6,3.2
31,Illinois,B10,32,21-11,115.2,84.9,0.971,50.8,46.8,17.4,21.8,33,26.6,29.6,28.8,49.5,47.8,36.1,29.4,28.1,28.7,69.3,3.4
32,Georgia,SEC,31,22-9,108.9,80.3,0.971,50.5,43.4,19.8,23.2,30.2,27.1,29.1,31.8,50.8,42.7,33.4,29.6,33.4,35.6,68.3,3.8
33,Oklahoma St.,B12,32,23-9,113.1,84.3,0.9672,53.4,48.6,19.2,25.5,36,24.2,27.1,26.2,54.4,47.8,34.5,33.5,40.9,31.6,69.5,2.2
34,Iowa St.,B12,31,22-9,117.1,87.4,0.9666,54.7,45.3,17.5,20.4,29.8,25.6,32.9,27.9,54.7,43.5,36.5,32.5,37.5,33.6,71.4,1.8
35,Baylor,B12,32,24-8,104.3,78.4,0.9639,48.7,40,23.1,21.7,34.6,31.3,31.2,23.6,48.9,40.6,32.3,25.8,38.9,31.3,70.1,5.2
36,Colorado,B12,33,22-11,105,79.4,0.9615,46,44.9,23.6,25,37.4,26.8,32.6,33.3,47.5,44.1,27.6,30.9,25.5,35,67.8,1.6
37,Virginia Tech,ACC,32,23-9,104.7,79.6,0.9589,45,42.1,18.5,24.6,35.5,28.4,29.2,31.8,44.6,40.6,30.8,31,27.3,26,71.1,2.5
38,Florida,SEC,33,18-15,108.6,83.7,0.9519,49.4,44.9,23.1,24.6,33.9,33.8,36.4,34.7,52.1,45,29,29.7,31.4,31.9,70,-1.6
39,Syracuse,ACC,31,23-8,106.1,82.1,0.9502,46.5,44.4,21.6,25.9,42.2,30.4,26.4,25.8,46.2,44.8,31.4,29.1,25.6,28.7,70.9,2.8
40,Virginia,ACC,30,19-11,110.6,86.6,0.9437,49.5,43.3,19.9,20.3,39.2,27.1,28.2,30.5,50.2,40.1,32,33.4,31.6,32.2,67.2,-0.19
41,Stanford,ACC,32,19-13,103.8,81.6,0.9407,47.8,43.4,20.7,19.9,33.9,25.8,22.3,22.2,49.1,44.4,29.9,27.7,31.1,32.2,68.5,-0.9
42,Mississippi St.,SEC,31,18-13,106.5,83.8,0.9407,48.5,46.3,21.2,22,37.3,26.7,30.2,25.6,48.7,44.9,32,32.5,29.3,35.3,70.7,-0.21
43,James Madison,SB,34,26-8,104.4,82.5,0.9374,50.1,42.4,21,22.1,36.7,25.9,28.1,27.2,51.4,40.2,31.5,31.6,32.2,31.3,69.5,-1.8
44,Richmond,A10,33,26-7,109.3,86.8,0.9341,55,43.5,20.8,22.1,29.8,30.5,20.4,18.8,54.5,43.8,37,28.7,49.6,35.6,65.8,-0.4
45,Arizona St.,B12,34,24-10,98.5,78.3,0.9331,46.3,44.3,23.2,27.1,30.7,28.1,29.8,28.7,47.2,44.4,29.3,29.5,26.1,40.5,68.5,1.9
46,Indiana,B10,32,18-14,109.7,87.5,0.9309,53.8,46.1,22,16.9,23.4,31.5,30.4,25,52.5,46,37.5,30.9,35.9,29.2,68.4,0.7
47,California,ACC,33,19-14,104.7,83.9,0.9268,49.8,43.5,22.7,20.2,31.6,30.4,31.4,23.4,50.5,42.2,32.4,31.7,39.5,24.3,67.4,-1.9
48,Kansas,B12,32,19-13,107.5,86.3,0.9259,53,45.3,23.6,21.3,27.5,29.3,36.9,30.4,53.7,45.3,34.3,30.2,30.9,36.2,67.6,-0.8
49,Clemson,ACC,32,21-11,104,83.9,0.9219,50.2,44.9,19.5,21.2,32.4,24.8,26.6,23.2,49.5,43,34.2,32.7,41.2,30.4,63.4,2
50,Princeton,Ivy,29,26-3,109.5,88.5,0.9202,50.9,46,19.4,25.7,35.2,31.6,29.6,23.7,50.8,44.7,34.1,32.3,32.8,33.7,65.9,3.5
51,Texas A&M,SEC,26,14-12,101.6,82.2,0.9201,43.7,44.9,23.6,22.8,32.2,34.3,34.2,29.7,43.2,43.3,30,32.1,31.5,33.8,69.2,1.8
52,South Dakota St.,Sum,33,27-6,107.5,87,0.9187,54.5,43.7,19.5,19.1,31.6,24.1,30.5,21.3,55.4,44,35.1,28.9,34.7,40.6,67.7,0.6
53,Kansas St.,B12,35,18-17,105,85.7,0.9122,49.6,47.5,20.6,23.8,27.1,30.6,27.7,28.5,48,46.7,34.8,32.7,37.5,36.3,69.4,-2.1
54,Utah,B12,31,19-12,103.5,84.9,0.9076,50.6,44.9,24.9,19.3,30.2,26,25.5,23.7,49.7,43.6,34.4,31.5,45.2,34.1,68.4,-0.17
55,BYU,B12,33,22-11,101.8,84.1,0.8991,47,42.3,23.7,24,34.4,31,30.3,31.4,47.7,42.8,30.7,27.7,42.7,36.3,70.6,1.2
56,Seton Hall,BE,31,19-12,102.4,84.8,0.8978,46.7,47.6,21.8,24.9,32.7,30.5,28.5,19.1,45.5,47.5,32.4,31.9,37.1,42.6,68.8,-2.1
57,Marquette,BE,30,18-12,103.2,85.9,0.8922,50.8,44.4,24.1,19.5,31.4,31.3,23.2,20.6,49.5,45.8,35.5,27.9,34.5,34.3,66.9,-2.6
58,Rhode Island,A10,32,28-4,103,85.8,0.8912,46.7,41.5,17.9,21.6,33.1,25.6,29.2,18.8,48.2,41.2,29,28.3,31.1,29,64.9,0.9
59,Fairfield,MAAC,32,28-4,103.5,86.3,0.8902,55,43.4,19,29.2,27.4,28.1,22,30.5,54.5,44.4,37,27.5,51.6,31.1,68.5,0.38
60,Georgia Tech,ACC,32,14-18,95.4,79.6,0.8887,44.4,42.3,22.8,18.8,28.5,28,30,23.4,46.1,42,27,28.4,29.9,33.9,71.3,-5.2
61,Columbia,Ivy,28,20-8,102.3,85.4,0.8884,49.5,45.9,24.1,27.8,40.2,29.8,25.9,30.6,51,44.5,31.3,33,35.1,28.2,69.6,-2.3
62,Gonzaga,WCC,33,24-9,106.3,89,0.8849,51.4,44.9,24.2,19.6,39.5,25.8,28.5,27.7,48.3,45.4,39,29.4,30.6,35.2,68.3,-3.3
63,George Mason,A10,32,23-9,99.1,83.1,0.8834,44.2,44.3,18.6,26.9,34.3,31.1,26,30.4,42,46.5,32.7,26.5,31.3,33.1,67.9,-2.2
64,North Dakota St.,Sum,32,28-4,107.6,90.5,0.8796,53.2,43.9,17.1,21.5,32.8,22.8,39.3,30,52.7,43.3,36.2,30.5,29.9,25,67.6,-0.41
65,Miami FL,ACC,31,17-14,102.5,86.4,0.8772,48.5,46.3,19.9,20.2,32.5,27.5,28.2,22.3,50.2,46.5,30,30.6,31.7,36.9,68.8,-1.7
66,Montana St.,BSky,32,25-7,97.1,82.6,0.8643,46.6,47,20.4,33.3,33.9,33.2,25.8,33.7,47.7,45.7,29.9,32.8,38.1,37.8,72.4,-2.5
67,Harvard,Ivy,29,18-11,96.9,82.7,0.8604,45,44.6,23,28.2,39.7,29.9,22,32.4,44.5,43.6,30.6,31.3,33.4,30.6,67,-4.6
68,Creighton,BE,31,16-15,104.5,89.3,0.8594,47.1,48.4,19.8,19.3,27.9,27.1,22.4,24.2,46.1,47.5,32.2,33.5,44,33.5,68.5,-4.6
69,Wisconsin,B10,30,13-17,105.4,90.1,0.8585,48.7,49.7,23.2,19.9,32.7,32.6,20.3,30.8,46.7,50.2,34.4,32.5,40.5,35.3,68.2,-2.3
70,Colorado St.,MWC,34,27-7,99.9,85.5,0.8563,47.7,40.7,16.1,20.1,22.9,25.3,29,27,47.3,39.2,32.3,28.8,35.7,37.2,64.7,-2.6
71,Penn St.,B10,29,18-Nov,109,93.9,0.8471,51.7,52,24,18.7,32.3,32.1,22.4,27.4,52.1,51,33.8,36,32.9,34.1,74.7,-3.4
72,Miami OH,MAC,34,28-6,96.8,83.7,0.842,51.7,43.5,22.5,28,25.8,31,27,29.8,50.7,42.4,35.3,30.4,43.7,34.4,68.2,-2.3
73,San Diego St.,MWC,30,25-5,102.6,89,0.8362,51,43.9,18.3,20.5,25.8,25.9,23.3,25.5,48.9,41.6,36.1,32.5,40.1,31.6,66.9,-0.8
74,Purdue,B10,30,13-17,103.9,90.2,0.8357,49.1,50.5,22,21.1,31.7,28.6,24.2,33.1,48.6,48.3,33.2,36.4,36.4,34.5,68.8,-3
75,South Florida,Amer,32,20-12,101.2,88,0.8343,47.2,43.4,21.4,19.8,34.1,30.5,28.7,28.6,47.5,42,30.9,30.9,24,31.7,69.6,-3.6
76,Georgetown,BE,31,14-17,97.3,84.6,0.8325,44.4,46.4,25,26,37.4,33.7,28.7,26.6,44.1,46.1,29.9,31.4,34.3,36.4,66.8,-7.1
77,Missouri,SEC,32,16-16,106.9,93,0.8318,50.9,47.7,22,16.4,23.4,33.2,32.8,21,49.9,47.7,34.9,31.9,42.7,38.2,70.8,-2.5
78,Georgia Southern,SB,30,23-7,101.6,88.6,0.8275,49.6,44.3,19.6,22.4,28.2,33.5,30.5,27.1,49.8,44,32.9,30.1,36.1,28.1,65.9,-2.2
79,Oregon St.,WCC,34,23-11,99.7,87.4,0.82,49.1,42.5,21.7,16.3,32.4,28,31.1,17.1,48.7,40.9,33.3,30.6,30.9,32.2,65.5,-4.1
80,UNLV,MWC,32,21-11,103.6,91.3,0.8117,48.1,44.9,19.1,18.5,29.6,26.8,27.2,18.4,46.7,42.8,33.8,32.2,35.2,36.7,67.7,-5.7
81,Rice,Amer,33,28-5,98.6,86.9,0.8109,45.5,41.7,18.9,23.3,31.1,28.1,27.1,28.3,43.6,41.8,32.7,27.6,34.6,21.6,69.1,-1
82,St. John's,BE,33,22-11,98,86.4,0.8095,49.6,44.1,25.7,19.3,29.7,28.5,31.5,21.5,52.2,44.1,30,29.4,36,31.6,65.9,-1.7
83,Davidson,A10,33,21-12,96.1,84.8,0.8093,49.2,45.5,22.9,25.7,30.7,26.7,25.7,29.6,48.6,44.3,33.3,32.6,39,27.2,66.1,-5.9
84,Ball St.,MAC,33,26-7,101.8,89.9,0.8071,51.6,43,22.8,21,35.1,27.1,31.4,26.1,52.4,41.5,33.5,30.4,35.5,36.9,73.5,-3
85,Auburn,SEC,32,15-17,92,81.6,0.7978,42.5,47.7,23.5,28.5,29.4,34.9,28.3,31.8,43.3,47.4,27,32.2,29.3,34.3,66.4,-1.9
86,Louisiana Tech,CUSA,32,26-6,101,89.6,0.7977,49.9,45.3,23.6,27.6,37.2,33.6,30.2,30,48.7,45.5,34.7,29.9,35.8,32.8,66.6,-2.7
87,Troy,SB,32,25-7,100.1,89.1,0.7932,45.6,43.4,21.5,20.8,40.8,26.3,28.2,25.1,44.7,43.6,31.8,28.6,30.7,38,76.3,-2.5
88,Green Bay,Horz,33,25-8,97.5,87,0.7872,49.5,43.8,18.9,21.7,24.6,26.3,25.8,21.5,49.7,42.2,32.8,30.8,32.2,40.2,67.2,-3.5
89,Idaho,BSky,34,29-5,97,86.6,0.7859,46.5,42.3,20.8,20.8,38.1,25.1,28,25.2,47.1,39.5,30.2,31.5,31.7,37,73.6,-2.3
90,Santa Clara,WCC,33,24-9,103.6,92.7,0.7824,46.1,45.5,15.2,21.6,31.8,30.6,28.3,24.4,45.6,45,31.2,31.1,43,28.9,74.5,-4.2
91,UC Irvine,BW,32,26-6,100.5,90.1,0.7788,47.6,41.3,18.5,23.7,31.4,27.6,38.2,29.6,43.2,42.1,35.7,26.9,42.9,41,66.2,-4.1
92,McNeese St.,Slnd,33,28-5,94.3,84.8,0.7716,44.5,45.6,15.8,34.5,30.6,30.5,24.4,37.1,43,45.3,32.8,30.7,24.4,40.3,66.4,-1.9
93,Cincinnati,B12,31,20-Nov,103.5,93.3,0.7677,44.3,49.9,23.4,19.8,38.7,31.8,33.6,30.9,43.3,47.8,31.5,35.9,26.1,34,70,-8.7
94,Vermont,AE,34,27-7,96.5,87,0.7658,49.5,41.2,17.4,22.5,28.5,28.2,20.5,23.2,49.3,42.7,33.3,24.9,32.3,28.7,62.7,-4.4
95,Quinnipiac,MAAC,32,26-6,96.6,87.2,0.7633,49.8,41,18.4,24.7,31.7,26,21.7,25.3,47.2,40.1,36.1,28.6,37.2,31.4,64.1,-4.1
96,Saint Joseph's,A10,31,20-11,98.7,89.2,0.7627,48.7,44.4,22,23.1,30.4,29.5,31.4,27.8,48.3,42,32.8,33.1,36.7,31.8,65.9,-5.9
97,Loyola Marymount,WCC,30,21-9,101.2,91.6,0.76,46.4,49.4,18.6,26.6,34.6,30.9,30.6,31.6,45.9,49.8,31.8,32.2,27,29.4,67.2,-6
98,North Texas,Amer,33,19-14,95,86.3,0.7509,44.2,44,23.3,24.4,35.8,28.6,33.1,31.3,42.3,43.2,33.3,30.5,25.7,32.2,70.3,-9.2
99,Florida St.,ACC,31,21-Oct,99.9,90.8,0.7498,43.7,47.1,19.8,18.5,30.3,31.7,26.4,26.8,42.3,46.9,30.7,31.7,38.3,33.4,73.9,-7.7
100,Massachusetts,MAC,30,23-7,96.5,87.8,0.7479,47.2,44,20.9,26.9,35.9,32.9,25.5,26.2,47.6,44.6,30.9,28.7,29.2,39.7,68.5,-4.2
101,Murray St.,MVC,34,31-3,106.4,97,0.7431,50.3,47.3,17.2,18.1,31.9,27.1,38.2,24.2,52.4,48.1,31.4,30.1,39.9,25.4,73.4,0.41
102,Arkansas St.,SB,33,24-9,93.8,85.6,0.7412,45.3,45.7,22.3,33.6,35.7,38.7,25.6,40.2,46.8,47.8,29.3,27.2,50.1,29.3,75.6,-5.5
103,Arkansas,SEC,32,20-Dec,97.5,89.3,0.7353,44.2,47.8,21.7,19.7,31.2,33.4,28.7,23.4,41.9,47.4,32,32.3,37.1,37.5,73.9,-6.5
104,Lindenwood,OVC,33,25-8,105.4,96.6,0.7312,53.8,48.3,19.7,23.5,29.9,30.2,25.4,25,52.3,48.5,37.4,31.9,38.9,34.6,65.7,-4.3
105,Butler,BE,31,19-Dec,95.3,87.6,0.7254,48.5,46.4,26.1,21,26.8,31.4,27.4,23.1,49.1,46.6,31.7,30.8,37.5,29.4,67.4,-9.7
106,Western Illinois,OVC,31,26-5,100.3,92.3,0.7238,50.7,43.8,16.7,21.5,25.3,26.5,36.8,25.4,50.2,42.8,34.8,30.4,26.1,36.8,68.4,-2.7
107,Arizona,B12,30,18-Dec,96.7,89.8,0.7023,48.1,49.2,21.9,24.9,22,30.6,31.9,32.1,49,49.7,30.1,32.2,24.2,37,72.9,-7.9
108,Abilene Christian,WAC,33,23-10,97.3,90.3,0.7016,46.7,48.5,22,28.7,33,27.7,30.5,28.2,47.6,49.7,30.4,30.9,42.7,34.8,67.4,-7.4
109,Hawaii,BW,33,22-11,92.2,85.7,0.6995,48.6,40.3,24.1,19.3,29.2,27.7,27.3,24.8,46.4,38.7,34.8,28.7,36.8,35.6,65.9,-8.3
110,New Mexico,MWC,32,22-10,96.6,89.8,0.6988,46.5,44.9,21.2,23,34.6,25.2,23.8,25.8,46.8,44.4,30.7,30.5,39.8,37.2,68.1,-5.7
111,Northwestern,B10,29,21-Aug,100.8,93.7,0.6979,47.2,50.2,22.4,17.7,28.4,35.2,27,28,47.7,49.7,30.6,34.2,30.4,33.1,68.9,-7.1
112,UC San Diego,BW,32,24-8,95.6,89.4,0.6846,47.3,44.9,17.7,27.2,24.7,31,27.7,25.8,47.5,44.2,31.4,30.7,32.5,38.4,70.2,-5.1
113,Cal Baptist,WAC,33,23-10,97.5,91.2,0.6822,48.1,43,20,20.6,28.6,26.1,21.2,29.9,49.8,40,30.5,32.2,43.3,35.6,72.8,-6.8
114,Boise St.,MWC,34,25-9,97.6,91.4,0.6809,48.8,44.7,21.2,21.5,29.7,27.6,28.1,25.1,45,45.9,38.3,28.5,30.3,39.2,69.9,-5.2
115,Central Arkansas,ASun,32,21-11,93.3,87.5,0.6775,46.5,41.3,19.7,22.5,32.1,23.3,21.5,38.3,47.2,40,30.3,29,43,37.7,67.1,-8.7
116,Providence,BE,33,15-18,92.7,87.1,0.6717,42.9,46.6,24,23.2,32.5,30.8,26.5,26.1,43.3,45.9,27.9,31.9,29.1,37.3,67.8,-8.4
117,Southern Indiana,OVC,31,21-10,94.4,88.8,0.6702,44.6,44.3,21.1,24.5,35.5,29,28.2,31.1,43.3,44.7,31.8,29.2,28.8,44.1,68.5,-7.5
118,Belmont,MVC,32,20-12,96.1,90.4,0.6688,45.9,43.8,17.8,23.5,28.9,34.1,30.8,31.6,45.5,44.1,30.9,28.9,40.5,37.4,68.8,-5.7
119,Portland,WCC,32,18-14,91.6,86.2,0.6683,46.2,45.1,23.4,26.9,27.9,36.4,25.6,30.8,44.3,45.2,33.1,29.9,35.5,27.2,71.8,-8.5
120,Pepperdine,WCC,31,19-12,97.7,92.2,0.6626,50.7,43.8,23.3,18.8,28.5,27.9,26.2,25.6,50.3,41.3,34.2,32.7,36.9,32,69.1,-8.1
121,Eastern Kentucky,ASun,32,24-8,93.2,88.1,0.6587,47.7,42.1,19.1,24,28.7,27.1,28.3,27,48.7,44.4,30.7,25,40.8,34.4,70.3,-5.7
122,Wake Forest,ACC,31,14-17,96.2,90.9,0.6571,50.6,44.6,23.4,19.7,24.9,33,24.6,19.7,50.5,43.6,33.9,31,35,36.6,67.5,-7.3
123,Charleston,CAA,32,27-5,97.4,92.4,0.6484,45.1,45,18.1,27,38.4,31.3,24.3,19.5,43.3,43.5,32.5,31.7,34,36.8,69.5,-3.1
124,Marshall,SB,32,23-9,98.3,93.4,0.6442,48.9,45.1,21.9,27.1,32.9,40.9,28.3,24.5,49.1,44.5,32.4,30.9,45.6,32.7,67.3,-4.5
125,UTSA,Amer,33,18-15,88.5,84.1,0.6431,43,41.9,26.9,22,36.1,29,29,22,43.2,41,28.3,29.1,25.9,35.2,66,-9.5
126,Navy,Pat,30,22-8,94.9,90.4,0.6349,47.2,43.6,18.4,22.6,31.5,28.6,24.5,25.1,48.1,43.7,30.6,28.8,37.7,32.5,69.9,-5.9
127,Missouri St.,CUSA,34,22-12,90.8,87,0.6208,44.3,42,24.8,22.3,34,26.8,38.9,30.1,44.2,41.3,29.8,29,25.1,29.4,69.9,-8.9
128,Fairleigh Dickinson,NEC,34,30-4,95.3,91.3,0.6201,49.6,39.5,20.7,21.6,39.1,27.5,20.1,24.8,48.1,38,34.4,29.2,43.4,26.1,63.2,-2.4
129,Penn,Ivy,27,17-10,94.3,90.5,0.6159,45.1,43.5,22.1,22.8,32.2,32.6,23.6,22.1,45,40.7,30.1,32.4,38.4,34.8,66,-6
130,East Carolina,Amer,32,22-10,94,90.3,0.6154,43.8,45.4,20.3,28.6,34.2,34.5,32.5,34.5,43,45.7,30.5,29.9,29.8,29.3,72.3,-7.3
131,South Dakota,Sum,32,23-9,93.3,89.6,0.6144,44.7,41.3,18.6,20.9,30.1,26,31.1,34.6,44,41.1,31,27.9,28.2,31.8,67.6,-5.5
132,Purdue Fort Wayne,Horz,33,20-13,93.2,89.6,0.6117,49.5,45.6,19.3,25,21.6,27.9,28.2,28.5,51.1,45.7,31.3,30.3,37.7,34.7,71.3,-9.4
133,Grand Canyon,MWC,32,13-19,91.1,87.6,0.6115,45.1,45.5,24.6,23.1,31.8,26.3,28.5,30,46,45.9,29.1,29.8,37,29,71.5,-12.8
134,Northern Colorado,BSky,32,22-10,92.1,88.6,0.6111,45.3,45,26.3,26.4,37.6,32,32.1,30.2,46.3,46.5,29,28.1,34.6,34.9,67.2,-7
135,Rutgers,B10,29,20-Sep,92.2,88.9,0.604,41.5,48.5,24.4,20.9,32.3,35.4,30.9,29.2,40.4,47.2,29.2,33.9,33.6,36.1,67.3,-6.9
136,Liberty,CUSA,31,18-13,96.3,93.1,0.5964,48.9,44.1,26,20.1,35.8,28.3,26.5,28.8,45.9,43.8,36.4,29.8,33.8,37.4,64.8,-9
137,Northern Iowa,MVC,32,18-14,93.1,90.1,0.592,47.8,44.6,19.9,20.3,26.3,26.5,30.8,24.8,46,41.3,34.1,33.5,36.2,36.3,67.8,-9.3
138,Temple,Amer,32,15-17,95,92,0.5911,44.4,46.9,23.3,23.3,34.2,31.1,29,28.3,42.3,45.5,32.6,33.2,32.1,32.7,71.2,-10.5
139,UC Santa Barbara,BW,30,20-10,93.9,91.1,0.5869,49.4,42.3,20.2,19.6,23,26.7,26.3,26.3,49.2,44,33.2,26.1,47.5,36.3,66.2,-7.2
140,Brown,Ivy,27,16-11,88.8,86.1,0.5869,44.1,41.9,23.8,23.5,34.7,30.4,25.2,23.6,43.9,41.4,29.6,28.4,38.4,38.6,67.9,-7.3
141,Ohio,MAC,31,18-13,95.5,92.6,0.5867,47.9,48,22.9,27.3,29.9,35.4,33.2,28.6,47.5,47.6,32.2,32.4,49,46,74.2,-10
142,Xavier,BE,30,19-Nov,91.3,88.7,0.5837,44.4,47.3,24.8,23,27.5,35.3,21.2,26.4,45.5,45.7,28.3,33.1,35.9,40.6,67.2,-10.8
143,Central Michigan,MAC,30,18-12,96.1,93.4,0.5804,47.5,46.1,25.9,20.7,39.8,26.5,34.7,29.1,45.8,46.5,35,30.3,25.2,36.7,69.9,-6.9
144,Idaho St.,BSky,30,19-11,89.5,87.1,0.5792,43.3,44,23,25.8,35.9,24.8,27.6,33.6,43.2,42.4,29,30.9,24.7,40.8,69.2,-8
145,Army,Pat,31,24-7,94.1,91.7,0.5724,47,45.5,19.9,25,31.8,23.9,30.8,27.8,45.8,45.2,32.6,30.9,37.4,28.6,64.8,-5
146,Jacksonville,ASun,32,24-8,92.6,90.3,0.5719,44,44.7,20.3,25.3,30.5,30.9,42,35.6,43.9,46.2,29.5,28.2,26.7,38.2,74.7,-3.9
147,Cleveland St.,Horz,33,24-9,94.1,91.8,0.571,49.1,44.3,23.8,23.6,32.3,29.1,38.4,25.7,51.7,44.5,29.4,29.3,34.6,39.1,67.7,-7.2
148,UCF,B12,30,19-Nov,91.8,89.6,0.5702,44.4,46.3,24.9,22.3,31.7,33.4,32.1,26.1,46.1,46.2,25.8,31,22.8,31.3,68.3,-8.7
149,Old Dominion,SB,32,18-14,93.1,91,0.5666,43.4,42.1,24.1,21.7,36.3,35.3,30.5,38.3,43.5,39.6,28.7,33.2,27.9,24.6,70.5,-8.5
150,Youngstown St.,Horz,33,24-9,90,88,0.5643,47.8,42.3,20.3,21.5,25.4,27.8,24.7,25.7,49,43.1,30.6,27.1,37.8,33.9,67.1,-6.3
151,La Salle,A10,31,18-13,91.8,89.8,0.563,43.9,44.9,22.6,24.9,30.9,34,27.3,28.6,43.7,44.7,29.6,30.3,29,33.4,71,-8.6
152,San Francisco,WCC,32,18-14,90.8,88.9,0.5606,44.9,45.1,24.3,23.5,33,29.9,26.1,28.2,46.4,42.9,28,33,33.7,34.1,73.4,-9.6
153,Toledo,MAC,32,17-15,91.2,89.4,0.5589,46.7,45.9,25.3,22,32.9,25.4,29.4,27.5,48.5,46.2,28.6,30.1,33.6,27.6,67.5,-10.8
154,Fresno St.,MWC,33,15-18,88.9,87.5,0.5467,43.2,45.3,23.1,25.6,32.8,27.6,25.6,36.1,41.4,46,32.1,29.3,26.4,32.5,69.1,-13.3
155,Coastal Carolina,SB,32,14-18,92.6,91.1,0.5461,46.1,44.6,24.4,24.8,32.8,33.3,36,31.4,43.3,45.8,33.4,28.7,40.8,42.9,73.4,-12.8
156,Florida Gulf Coast,ASun,31,16-15,89.1,88.2,0.5298,47.4,43.9,25.2,21.8,26.8,29.4,34.1,24.5,48.6,46.4,30.4,26.8,39.6,40.6,66.1,-10.6
157,Bradley,MVC,32,20-12,91.9,91.1,0.5243,47.1,44.5,18.8,19.8,26.8,27.7,26.9,27.6,44.4,45.9,34.4,27.6,37.4,30.2,67.7,-8.9
158,Charlotte,Amer,32,14-18,93,92.3,0.5206,42,46.4,24.2,23.9,41.5,33.8,21.7,30.3,40.6,45,30.1,32.8,31,32.7,67.4,-12.6
159,Louisiana Monroe,SB,32,16-16,94.3,93.8,0.5168,44.4,48.5,24.1,25.6,41.4,31.9,28.6,31.1,42.4,49.1,33.2,31.6,27,36.9,70.8,-11.2
160,DePaul,BE,32,24-Aug,93.4,92.9,0.5167,42.3,52.3,22.4,24.7,34.2,33.6,21.2,31.9,41.8,53.5,28.9,32.8,31.9,28.2,71.8,-14.4
161,Holy Cross,Pat,32,23-9,87.4,86.9,0.5153,46,42.2,21.3,22,26.1,25.6,23.8,23.2,47.8,41.7,28.2,28.9,33.1,35.3,68.4,-6
162,Austin Peay,ASun,32,19-13,93.1,92.6,0.5145,46.7,46.7,23.8,26.5,37.4,29.1,27.3,37.2,48.8,46.4,28.8,31.4,37.1,37.9,64.3,-10.4
163,Illinois St.,MVC,33,20-13,96.5,96.1,0.5121,49.3,47.3,20,19.9,30,28.8,34.7,24.2,50.3,48,31.4,30.5,32,31.5,66.8,-9.4
164,Middle Tennessee,CUSA,31,16-15,94.3,94,0.5109,46.6,45.4,25.6,23.7,32.6,30.5,29.8,30.5,44.9,45.1,32.8,30.7,40.5,36.4,64.4,-11.5
165,High Point,BSth,32,27-5,92.5,92.2,0.5091,50.4,41.6,20.3,25.6,26,30.7,29.7,21.5,51.3,41.2,32.6,28.4,39.8,29.9,70.5,-4
166,Houston,B12,30,23-Jul,90.4,90.3,0.5028,40.4,49.7,25.1,25,29.5,34.4,32.4,30.5,40.5,50.4,26.6,32.2,27.2,31.4,72.5,-12
167,Tulsa,Amer,31,19-12,89.8,90,0.4942,47.2,44.8,25.6,24.4,29.6,29.3,35.9,30.7,47.6,44.1,31,31.1,37.9,31.1,71.1,-7.7
168,Drexel,CAA,31,21-10,92.8,93,0.4933,44.3,43.9,18.3,22.6,34.3,32.6,24.1,20.6,43.7,44,30.7,29.2,26.8,33.4,63.9,-8.7
169,FIU,CUSA,31,20-11,89.6,90,0.4857,44.1,47,26.3,30.4,36.7,34.8,41.4,34.4,44.3,47.8,29.1,30.4,29.6,35.3,73.9,-8.8
170,UC Davis,BW,33,23-10,94.1,94.6,0.4847,48.4,45,21.8,19.3,26.6,27.3,28.8,24.2,50.2,43,30.9,32.3,47.5,36.4,68.6,-6.7
171,Southern Utah,WAC,31,19-12,97.4,98,0.4836,45.7,45.1,22.1,16.5,33.8,25.6,35.4,29.2,45.1,44.6,31.4,30.8,32.2,28.6,68.8,-9.3
172,Dayton,A10,31,17-14,96.5,97.2,0.4784,49.1,45.9,26.2,19.8,36,31.3,33.2,24.1,50.2,45.5,31.2,31,32.2,34.3,69.9,-9.7
173,Utah Valley,WAC,30,16-14,86.6,87.5,0.4683,43.7,49.3,24.4,33.7,27.1,34,34.6,29.8,41.4,46.8,32.6,35.3,30.8,40.4,69.5,-11.4
174,Saint Mary's,WCC,32,15-17,89.2,90.2,0.4671,45.8,46,26.2,26.3,32.5,33.4,23.7,28,46.6,47.5,28.8,29.2,24.8,40.3,63.9,-12.1
175,Stetson,ASun,31,20-11,98.8,100,0.4644,49.1,45.4,20.4,20.2,29.9,32.6,29.8,29.8,49.5,44.8,32.4,30.9,41.9,37.4,67.5,-8.3
176,George Washington,A10,32,15-17,92.5,93.6,0.4639,45.5,43.5,24.1,20.6,32.8,32.4,29.7,33.2,45.9,43.3,29.7,29.4,31.8,28.4,63.6,-12.8
177,Howard,MEAC,33,26-7,91.1,92.3,0.4623,43.4,42.2,20.9,26.2,33.1,31,36.7,28.8,42.9,43.7,29.9,26.1,24.9,33.6,69.6,-3.8
178,Bryant,AE,30,18-12,86.2,87.4,0.4594,46.3,41.1,22.4,23.3,30.8,27.9,24.9,33,44.9,42.4,33,25.4,29.7,30,67.1,-10.6
179,Maine,AE,32,19-13,92.9,94.3,0.4558,45.6,46.2,17.4,22.7,25.6,29.9,24,22.2,46.9,47,28.9,29.5,34.9,29.1,67,-9
180,Kent St.,MAC,31,15-16,93.1,94.5,0.4558,43.6,46.5,25.7,23.6,36.9,34.5,35.3,30.7,43.8,46.5,28.9,31,29.6,39.7,69.9,-10.8
181,Bowling Green,MAC,31,17-14,89.3,90.8,0.4495,43.1,48,23.3,26.8,29.7,32.9,33.1,33.8,43.5,46.4,28.4,34,39.8,34.8,70.8,-10
182,Stephen F. Austin,Slnd,34,25-9,94.5,96.3,0.4435,51.2,41.4,23.9,20.7,30.3,35.3,30.6,24.7,51.6,41,33.7,28.2,41.2,28.9,74,-7.2
183,Tulane,Amer,31,20-Nov,89.2,91,0.442,44.1,43.6,24.4,21.5,33.5,34.1,29.2,28.8,45.5,43.9,27.5,28.8,32.9,37.8,69.2,-15.2
184,South Alabama,SB,34,16-18,91.8,93.9,0.4372,46.4,44.8,26.8,23,38.1,33.6,29.6,32.9,45.7,46,31.9,28.4,35.7,35.6,69.2,-13.8
185,Northern Kentucky,Horz,32,15-17,93.9,96,0.4354,44.9,47.7,21.5,19.6,31.7,28,30.6,28.3,45.3,47.6,29.5,31.9,40,35.4,70,-12.8
186,Sam Houston St.,CUSA,30,18-12,87,89.2,0.427,41.9,47.7,24,33.2,34.1,37.4,37,33.3,42.6,47.3,26.2,32.4,22.8,27.7,71,-8.5
187,Pacific,WCC,30,19-Nov,93.7,96.4,0.42,45.8,46.6,24.6,20.8,32.3,34.9,26.1,30.9,44.9,47.4,31.5,29.8,38.3,31.9,68.3,-13.9
188,Morehead St.,OVC,32,18-14,89.7,92.6,0.4114,47.7,46.3,23.3,23.9,24.4,29.2,30.9,34,49.8,44.5,30.1,32.9,46,37.8,68.9,-9.6
189,Illinois Chicago,MVC,32,14-18,94.2,97.3,0.406,47.3,48.3,19,20.3,31.5,30.9,27.2,25.2,48.3,48,29.1,32.6,22.5,31.8,65.4,-15.1
190,Cal St. Fullerton,BW,32,18-14,89.6,93.2,0.3899,40.7,50.8,22.9,33.2,41,33.4,33.3,35.4,41.3,51.2,25.8,33.5,22.3,40,73.5,-11.9
191,UAB,Amer,30,19-Nov,94.7,98.5,0.3865,50.7,45.2,22.2,18.5,23.6,34,22.4,25.1,49.4,44,35.2,31.9,39.5,31.5,68.8,-15.9
192,Lehigh,Pat,31,17-14,97,101,0.3864,51.3,49.1,23.4,23.8,27.2,34.5,31.4,27.5,53,48.1,33,34.3,49.3,31.2,67.5,-11.3
193,NJIT,AE,30,18-12,94.7,98.6,0.3858,50.7,42.4,22.6,19,31.3,34.7,23.8,24.4,51.7,41.6,32.6,29.8,36.2,26.5,69.3,-9.8
194,St. Thomas,Sum,32,16-16,90.4,94.2,0.3842,47.7,46.4,24.2,21.3,28.8,30.1,32.8,28.9,48.8,45.9,30.5,31.7,36.6,29.8,65.4,-12.4
195,Washington St.,WCC,34,25-Sep,94.2,98.2,0.3836,46.4,49,22.8,18.9,27.6,33.4,21.1,26.6,47.9,47.4,29,35,34.6,32.9,67.9,-17.4
196,Air Force,MWC,34,16-18,89.8,93.6,0.3831,40.3,49.6,19.1,24.7,29.7,26.4,26.2,33.2,39.7,49.7,27.7,32.9,33,32.8,67.1,-13.8
197,Appalachian St.,SB,30,19-Nov,89.6,93.6,0.3788,46.6,45.7,24.7,21,29.8,29,28.5,32.3,45.9,47.1,31.9,28.9,34.7,35.5,65,-14.5
198,SMU,ACC,30,21-Sep,90.7,94.8,0.3763,42.4,49.3,24.2,23,29.3,39.2,28.2,26.7,40.1,48,31.4,34.8,32.2,31.3,70.5,-10.8
199,Albany,AE,30,14-16,89.7,93.8,0.3754,48.2,44.5,25.2,21.2,31.2,30.1,26,24.8,46.7,44.5,33.9,29.7,34.8,34.2,61.1,-12.6
200,UMBC,AE,30,16-14,86,90,0.3737,40.5,45.1,22.1,26,34.3,29.5,33,34.5,39.2,47.3,29.4,26.7,25.9,30.5,66.9,-11
201,Eastern Washington,BSky,33,15-18,92.2,96.4,0.3734,44.2,45.2,21.6,17.5,30.5,25.9,27.9,28.8,43.5,44.6,30.2,30.9,35.4,32.5,71.6,-14.1
202,Sacramento St.,BSky,33,15-18,86.8,90.8,0.3731,45,43.7,26.9,24.2,33.2,33.6,21.2,28.3,44.1,43,30.9,30.1,38.4,32.2,66.4,-14.6
203,Robert Morris,Horz,30,18-12,87.7,91.7,0.3727,45.4,43.6,23.3,19.7,28.6,25.3,31.1,30,47.5,42.9,27,30,29.6,34.8,66.5,-10.3
204,Tarleton St.,WAC,31,14-17,89.2,93.3,0.3724,43.9,45.6,24.3,21.1,30.7,28.8,28,30.3,43,44.3,30.6,32.1,31.1,34.7,67.7,-13.5
205,Southern Miss,SB,31,15-16,96.9,101.5,0.3694,45.2,47.9,18.6,19.9,30.6,35.8,28.6,27,45,48.1,30.4,31.6,36.2,32.5,71.2,-12
206,Lamar,Slnd,30,20-10,87.8,92.2,0.3657,45.2,44.6,25.6,27,38.9,30.2,34.7,34.4,43.6,46.3,32.9,27.6,27.7,34.3,66.2,-7.7
207,Boston College,ACC,31,26-May,96.3,101.2,0.3628,42.3,55.1,20.1,22,28.2,34.3,24.9,26.9,41,56.1,29.7,35.6,38,38.1,69.6,-15.5
208,Drake,MVC,32,20-Dec,94.8,99.7,0.3586,48.6,48.1,22.6,16.2,33.6,26.8,29.2,31.8,49.9,48.4,30.8,31.8,36.1,35.1,70.4,-15.5
209,Oral Roberts,Sum,30,15-15,95.7,100.7,0.3568,48.5,51.2,19.8,23.6,25.9,32.6,29.6,29.8,46.8,51.8,35.4,33.4,27.1,35.4,75.6,-9.8
210,SIU Edwardsville,OVC,32,16-16,88.4,93.3,0.3499,44.5,44.5,23.3,18.8,32.1,26.4,24.7,28.6,43.5,42.9,30.6,32.5,38.9,26.9,65,-13.7
211,Norfolk St.,MEAC,32,18-14,81.6,86.3,0.3468,40.6,38.7,24,26.6,32.5,34.9,27.3,32,39.6,37.9,28.3,26.9,33.2,32,70.6,-9.4
212,Radford,BSth,34,22-12,87.3,92.3,0.3467,45,43.2,20.9,24.8,28.6,28.9,25.8,28.7,43.7,42.5,31.4,29.7,38,33.9,69.2,-9.3
213,UT Rio Grande Valley,Slnd,33,20-13,91.4,96.9,0.3382,45.1,43.4,23.5,15.8,32.9,27.7,33.8,23.5,43.4,42,32.4,30.7,31.2,34.7,67.8,-9.3
214,Loyola Chicago,A10,31,14-17,86.4,91.6,0.3379,43.1,46,23.6,26.2,28.7,36,28,32,44.7,47.3,26.5,28.7,31.8,29.5,66.1,-12.4
215,St. Bonaventure,A10,31,16-15,88.1,93.5,0.3375,45.9,45.6,22.5,22.9,25.9,29.2,24.6,25.3,46.7,46.2,29.4,29.8,29.2,40.8,68,-12
216,Binghamton,AE,31,19-12,93,98.8,0.3334,46.9,46.7,23.9,23.9,33.4,35.8,30,28,46,48.7,32.6,29,30.3,37,66.1,-8.5
217,Eastern Michigan,MAC,29,13-16,91.9,97.7,0.331,46.9,47.3,23.6,21.2,30.1,30.5,28.3,33.1,49.7,48.5,27.8,30,34.7,35.1,68.3,-12.1
218,Memphis,Amer,31,21-Oct,82.9,88.2,0.3286,41,43.8,21.3,25.2,27.3,33.4,27.5,34.4,42.6,43.4,24.2,30,24.6,26.5,74.9,-17.1
219,Chattanooga,SC,30,20-10,91.1,96.9,0.3279,47,45,22.7,22.9,33.6,27.9,23.9,30.8,46.3,43.4,32.1,32,36.2,35.7,65.4,-8.4
220,Jacksonville St.,CUSA,32,16-16,89.8,95.6,0.3267,44.8,45.9,22.6,20.5,31.4,28.4,28.1,25.6,43.2,45.6,31.4,31.2,42.6,26.4,64.2,-13.7
221,Southeast Missouri St.,OVC,32,14-18,89.3,95.2,0.3253,45.9,45.9,22.9,22.9,25.6,32,35.6,34.6,46.8,44.4,29.5,32.6,33.5,32.4,71.3,-14.9
222,Monmouth,CAA,31,20-11,88.1,94.2,0.3169,44.3,43.1,24.3,24.5,36.4,33.7,31.4,27.5,45.6,42,27.9,30.5,33.8,29.8,66.1,-9.3
223,William & Mary,CAA,31,17-14,85.1,91,0.3164,43.5,42.9,22.7,24.4,31.8,34.5,23.4,28.2,44.5,40.9,27.4,31,30.9,35.5,67.7,-12.1
224,Nevada,MWC,31,21-Oct,86.5,92.6,0.3148,42,45.6,24.1,22,31.5,29.5,28.8,24.6,44.5,46.5,23,29.3,24.7,34.7,66.4,-17.3
225,Wyoming,MWC,30,20-Oct,85.4,91.5,0.3116,45.4,44.9,23.2,16.8,19.6,26.8,18,21.6,46.3,44.7,29.3,30.2,39.7,31.7,64.6,-15
226,Saint Louis,A10,33,21-Dec,85.3,91.5,0.3085,40.7,44.2,24.8,23,32.5,35.3,32.6,29.7,41.9,43.8,25.4,30.1,30.1,33.6,71.7,-17.2
227,Elon,CAA,32,16-16,90.1,96.8,0.306,43.6,45.7,25.3,26.6,38.9,33.8,27.6,35,44.4,46.5,27.8,29.5,31.1,35.1,68.7,-13.7
228,UT Arlington,WAC,33,21-Dec,84.3,90.6,0.304,42.9,44.4,27.3,24.7,28.7,33.3,38.1,37.1,42.1,45.1,30.7,28.8,21,33.6,71.2,-16.5
229,Northwestern St.,Slnd,32,18-14,86.9,93.4,0.3035,44,44.5,26.5,20.7,36,28.7,27.8,30.6,41.7,44.3,31.9,30,37.7,30.9,66.3,-10
230,Campbell,CAA,32,20-12,85.4,91.9,0.301,44.1,41.3,25.5,23.9,35.4,34.3,30,31.6,43.9,39.2,29.6,30.4,33.3,32.3,64.1,-10.4
231,Southern,SWAC,32,19-13,83.4,89.7,0.3009,41.9,43.6,23.8,29.9,33.6,36.5,32.8,42.8,39.4,45.6,32.7,26.2,25.8,31.3,68.8,-7.3
232,UC Riverside,BW,32,21-Nov,89.2,96.1,0.299,44.3,47,22.7,22.8,25.7,30.7,27.2,32.5,44.2,45.7,29.6,33,41,33.9,68.1,-17.5
233,Utah Tech,WAC,29,20-Sep,86.6,93.3,0.2976,44.6,43.1,22.9,20.1,22.4,30.1,27.7,30.1,44.9,42.2,29.5,30,47,31.8,70.8,-17.6
234,Alabama A&M,SWAC,32,22-10,82.3,88.9,0.2924,42.5,42.1,27.8,28.1,36.9,33,42.8,35.1,44,41.8,25.6,28.5,26.1,34.9,66.8,-6.3
235,Tennessee Tech,OVC,29,15-14,91,98.5,0.2872,42,48.1,22.3,22.7,38.4,28.9,31.2,29.8,39.5,50.4,30.9,28,36,27.8,67.7,-11.7
236,Duquesne,A10,31,19-Dec,85.3,92.3,0.286,42.9,44.3,27.3,22.3,33.7,31.3,24.4,29.3,40,41.7,31.9,32.1,37.3,40.7,70.7,-15.7
237,Wofford,SC,29,16-13,89.4,96.9,0.2841,43.3,43.9,19.3,18.6,30.2,29.6,23.8,23.4,43,44.3,29.1,28.8,34.6,34.7,66.4,-10.7
238,North Alabama,ASun,31,17-14,86.7,94,0.2831,45,43.8,22.2,20.2,29.5,28.6,24.2,29.2,45.9,44.2,28.8,28.6,33.8,35.3,68.7,-11.3
239,Merrimack,MAAC,31,19-12,88.6,96.3,0.2753,45.7,43.7,23.9,23.4,33.3,32.6,25.4,24.4,46,43.5,30.2,29.3,36.5,37.2,71.3,-9.8
240,West Georgia,ASun,31,18-13,94.5,103,0.2703,48.6,46.3,23.9,21.4,30.8,32.5,36,29.5,48.4,48.3,32.6,28.3,43.3,34.7,69.8,-9.8
241,Florida Atlantic,Amer,32,14-18,87.4,95.3,0.2686,44.4,46.8,24.9,22.9,26.8,34.2,31,32.7,44,46.4,30.1,31.9,37.5,28,69.6,-14.3
242,Little Rock,OVC,31,15-16,86.1,94.1,0.2635,40.7,43.9,22.6,21.8,30.6,31,30,33.3,39.8,44.6,28.7,28.3,27.3,32.9,67.4,-12.5
243,Weber St.,BSky,33,22-Nov,85.8,94,0.2594,45.4,45.9,25.1,21.6,22.3,32,28.3,29.7,43.6,43.9,32.1,33.2,39.6,34,70.1,-17.3
244,Towson,CAA,31,17-14,89.9,98.7,0.2553,43.6,43.8,20.6,19.8,31.4,33.5,28.7,28.9,42,42.5,31,32.1,36.6,22.6,70.5,-11.2
245,Nicholls St.,Slnd,31,15-16,85.4,94,0.2496,41.6,45.5,21.7,27,32.2,34,34.7,33.1,43.3,42.3,24.8,34.1,27.3,35.2,68.5,-14.7
246,VCU,A10,31,23-Aug,84.5,93,0.2489,41.9,47.7,25.7,23,30.2,32.3,22.3,25.4,41.8,49.2,28.1,30.2,34,39.2,69.2,-16
247,East Tennessee St.,SC,31,18-13,83.2,91.8,0.2434,39.3,42.7,20.5,23.1,30.7,30.3,31.5,27.2,38.8,40.6,26.7,31.3,34.5,33.1,64,-9.9
248,Pittsburgh,ACC,31,23-Aug,88.9,98.1,0.2433,41.6,48.5,22.3,17.8,28.3,32.7,21.2,19.5,41.1,46.2,28.7,34.8,27.9,38.8,69.8,-13.5
249,IU Indy,Horz,31,14-17,88.2,97.6,0.238,44,49.8,22.9,26.1,28.2,35.6,41.5,35,45.4,52.3,27.5,29.8,35.3,32,70.1,-14.4
250,Georgia St.,SB,31,21-Oct,91.9,101.7,0.236,42.9,50.3,19.2,26.5,27.7,42.7,34.3,34.3,43.2,51.7,28.2,32.2,38.3,39.1,71,-16.4
251,Oakland,Horz,31,21-Oct,92.7,102.7,0.2349,44.8,51.3,23.8,18.3,31.2,29.6,27.7,27.7,44.1,51.1,30.6,34.5,37.5,34.8,68.2,-16.5
252,San Diego,WCC,33,22-Nov,83.3,92.4,0.2334,39.3,45.3,25.5,20.3,34.6,29.8,27.5,27.5,39.2,44.8,26.4,30.8,29.1,34,67.6,-17.5
253,Delaware,CUSA,32,13-19,85.7,95.1,0.2321,44.7,45.8,25.5,22.5,28.9,31,29.3,24.2,44.4,47,30.3,28.8,32.4,32.7,69.7,-16.6
254,Fordham,A10,30,20-Oct,85,94.5,0.2288,40.5,45.4,25.3,27,37.6,37.1,24,37.4,39.6,45,28.3,30.7,30.6,35.6,68.6,-16.4
255,Northern Arizona,BSky,32,22-Oct,90,100,0.2283,44.5,49.2,22.5,21.9,26.9,32.2,32.6,26.8,42.1,50.6,33,31.4,32.5,40,73.2,-18.3
256,Longwood,BSth,31,21-10,86.6,96.3,0.2275,44.1,46,23,29,36.5,37,28.8,24.2,43.7,47.9,30,28.2,32,34.3,75.1,-7.7
257,Maryland Eastern Shore,MEAC,33,19-14,81,90.1,0.2262,40.3,43.8,28.2,28.3,34.6,34.4,38.1,39.1,40.2,41.6,27.2,32.4,22.1,32,70.5,-10.7
258,Evansville,MVC,35,25-Oct,91.3,101.7,0.2228,45.1,49.5,21.4,19.9,29.2,31.4,28.6,37.4,43.7,50.4,31.7,31.8,36.5,33,70.8,-21.4
259,Tennessee Martin,OVC,30,13-17,86.8,96.9,0.2206,44.5,45.7,22.1,21.7,20.8,34,32.8,26.3,44.9,44.5,29.2,31.5,31.4,41.8,65.9,-14.4
260,Kennesaw St.,CUSA,30,13-17,81.9,91.6,0.2178,45.2,44.7,28.8,25.9,32.1,33.3,31.1,35.7,46.8,43.8,26.6,31.2,22.1,31.6,70,-14.3
261,Southern Illinois,MVC,30,20-Oct,88,98.5,0.2152,43.7,49.3,20.3,20.8,29.8,30.4,28.4,36.3,43.8,51.7,28.9,29.9,21,35,69.9,-17.8
262,Texas St.,SB,30,19-Nov,84,94.6,0.2048,43.1,46.1,27.6,24.8,32.5,35.1,32.2,34.1,43.5,44.4,27.7,32.8,23,35.4,69.7,-15.5
263,Stony Brook,CAA,33,18-15,84.1,94.6,0.2046,42.2,44.3,27.6,23.7,37.4,34.8,28.2,21.4,41.5,45,29,28.6,35.4,32.8,64.2,-12.6
264,UMKC,Sum,30,23-Jul,90.1,101.4,0.2045,43.8,52.5,21.8,23.5,32.6,34.8,25.6,32.5,42.1,51.9,32.4,35.6,25.6,36.1,67,-17.9
265,Western Michigan,MAC,29,20-Sep,83,93.5,0.2034,43.5,47.2,25.8,22.2,25.4,31,27.8,27.4,43.5,47.1,29.1,31.7,43.9,30.8,66.5,-15.8
266,Montana,BSky,31,22-Sep,89.5,100.8,0.2029,46.4,49.9,20.5,18.1,16.4,31.2,19.6,23.6,45.6,49.8,31.5,33.4,51.8,35,67,-16.7
267,Furman,SC,31,18-13,83.5,94.1,0.2025,43.3,46.4,25.7,25.3,34.1,30.5,33.8,34.1,41.3,45.7,32.1,31.8,29.4,33.1,72.2,-9.5
268,Lipscomb,ASun,30,20-Oct,81,91.3,0.2023,45.5,43.3,27.1,21.4,24.2,31.5,29.6,21.7,45.9,43.5,30,28.7,43.9,37.7,69,-17.5
269,Wichita St.,Amer,31,23-Aug,86.3,97.3,0.202,42,46.5,25.1,22,30.8,33.6,29.1,33.3,43.1,46.9,26.4,30.5,29.7,33.5,67.7,-19.6
270,Yale,Ivy,27,20-Jul,85.1,96.3,0.1951,42.1,46.4,25.9,20.8,32.8,34.1,23.1,31.6,41.3,47.9,30.3,28.7,20.5,30.4,69.5,-16
271,Samford,SC,34,16-18,88.8,100.5,0.1946,46.3,46.2,23.3,19.1,22.7,36.6,25.9,26.4,43.9,46.5,32.7,30.4,47,35.6,65.8,-13.4
272,UTEP,CUSA,30,13-17,89.5,102,0.1825,43,49.8,23.5,23.6,32.5,31.7,29.8,30,42,47.7,30.1,36,30.4,33.7,70.6,-14.1
273,Cal St. Northridge,BW,30,20-Oct,82,93.5,0.1811,44.5,44.2,28.3,24.1,29.2,35.9,27.8,34.5,45.1,44.7,29,28.9,41.8,35.6,72.8,-17.3
274,Mercer,SC,30,17-13,86.2,98.7,0.1736,42.4,45.4,22.2,25.5,31,34,32.5,32.5,39.8,43.4,32.3,33.3,29.6,31,68.8,-11.6
275,Denver,Sum,30,19-Nov,83.3,95.4,0.1735,43.2,49.9,24.1,23.4,25.1,33.2,26.7,24,43.4,49.5,28.6,33.9,38,33.9,67.6,-15.2
276,LIU,NEC,32,21-11,88.6,101.5,0.1732,48.3,44.1,22.6,21.9,31.1,31,32.5,28.3,46.3,43.9,34.6,29.6,35.9,32.7,70.3,-9.9
277,North Florida,ASun,30,21-Sep,84.1,96.5,0.1697,44.4,48.3,26.3,23.3,29,35,23.7,31.2,45.7,49.7,28.4,30.5,39.7,35.1,71,-17.3
278,Hofstra,CAA,33,22-Nov,81.5,93.8,0.166,41.5,45.8,24.5,22.6,31.6,33.3,20.9,28.6,40.2,45.9,29.7,30.5,30.7,36,65.2,-18.3
279,Incarnate Word,Slnd,30,13-17,93.1,107.2,0.1654,45.6,48.2,24.3,19.6,33.3,35.2,30.5,27.7,45.7,48.8,30.3,31.2,41.9,28.5,68.6,-13.6
280,Cornell,Ivy,27,18-Sep,85.5,98.5,0.1631,43.8,49.8,25.2,21.3,26.8,33.5,23.3,19.5,41.9,50.7,31.5,32.2,34,37.7,62.6,-14.2
281,Wright St.,Horz,32,22-Oct,88.4,102.1,0.1609,44.6,49.6,20.4,21.3,25.5,31.7,24.1,31.5,40.4,50.1,34.3,32.4,37.6,36.7,68.1,-19.1
282,Iona,MAAC,32,20-12,84.5,97.8,0.1584,41.3,43.7,20.7,23.6,33.1,32,24.1,27.5,41.3,44.5,27.5,27.8,33.4,29.8,66.2,-10.2
283,Indiana St.,MVC,32,22-Oct,92.9,107.5,0.1583,43.2,50.3,20.4,18.3,31.9,32.5,36.7,42,44.1,49.3,27.4,34.7,29.2,35.1,76.5,-19
284,North Carolina A&T,CAA,30,18-Dec,84.6,97.9,0.1563,43,45.8,29.1,23.2,35.8,33.3,38.9,29.2,43.4,43.9,28,32.7,31.4,37,68.2,-13.8
285,Utah St.,MWC,30,24-Jun,85.7,99.5,0.1525,42.1,47.8,22.5,22.1,22.3,36.3,25.5,25.4,43.9,47.8,26.2,31.9,38.4,35.2,68.7,-19.7
286,UNC Greensboro,SC,30,14-16,82.2,95.7,0.1477,41,45.6,22.4,24.4,30.3,29.7,23.3,29.3,38.8,42.1,29.6,35.7,39.2,30,64.7,-13.5
287,Western Kentucky,CUSA,29,21-Aug,84.7,98.8,0.1459,44.8,48.1,25.1,24.7,23.7,38.9,22.7,22,46,45.8,28.6,34.3,37.1,40.8,65.7,-17.5
288,Akron,MAC,31,24-Jul,90.1,105.9,0.1347,46.1,51.4,25.2,20.1,26.8,32,31.6,37.4,46.2,53.9,30.7,30.5,41.7,31.3,72,-19.6
289,Loyola MD,Pat,30,18-Dec,83.9,98.9,0.1309,44.1,47.7,26.6,22.6,33.1,28,29.7,33.7,44.1,45.6,29.6,33.6,27.9,43.3,63.4,-15.2
290,Lafayette,Pat,30,19-Nov,86.2,101.7,0.1294,45,44.7,21,20.7,23.8,37.1,23.4,18.8,41,41.4,34.2,33.7,38.7,36.3,66.1,-16.9
291,Manhattan,MAAC,31,20-Nov,81.7,96.5,0.1291,40.6,44.7,26.1,23.2,33.3,32,27.3,31.8,41.2,45.8,25.7,28.5,24.1,35.4,69.7,-16.6
292,East Texas A&M,Slnd,30,13-17,84.1,99.5,0.1257,43.1,44.9,21.3,21.3,25.5,34.3,26.5,29.6,41.9,45.2,30.2,29.4,34.5,29.2,69,-14.3
293,Northern Illinois,MAC,30,23-Jul,84.6,100.2,0.1249,43.6,49.8,25.6,21.8,25,32.9,38.7,32.8,43.2,48.8,29.8,34.3,31.4,36,65.6,-20
294,Siena,MAAC,30,13-17,84.3,99.9,0.1248,42.2,43.6,25.2,25.1,39,33.2,29.3,30.2,44.4,43.4,25.4,29.3,34.1,33,73.5,-15.2
295,Coppin St.,MEAC,33,23-Oct,78.3,93.3,0.1181,37.8,46.3,30.3,26.2,34.7,32.8,34.1,33.5,37,44.8,26.3,33,32.2,31.5,72.1,-16.8
296,Boston University,Pat,31,20-Nov,90.2,107.5,0.1171,49,46.4,24.1,17.6,29.1,33,24.4,19.7,48.1,44.5,33.9,32.7,33.4,41.9,62.6,-17.7
297,Cal St. Bakersfield,BW,30,23-Jul,82.9,98.9,0.1169,40,47.9,21.9,22.9,28.1,30,30.7,40.5,38.6,49.1,28.6,30.3,33.2,32.9,70.5,-20.7
298,Sacred Heart,MAAC,31,13-18,82.4,98.7,0.1107,43.1,45.2,28,22.2,33,31,35.7,28.1,42.4,46.2,30,28.9,28.8,35.3,65.6,-15
299,Mount St. Mary's,MAAC,30,15-15,80.4,96.4,0.1106,42,44,25,25.3,32.2,32.9,27.4,31.8,42.2,42.4,27.8,31.2,33.3,37.5,70.3,-12.5
300,New Hampshire,AE,30,20-Oct,80.4,96.5,0.1085,42.6,45.4,23.4,18,22.7,27.4,25.9,26.3,43,44.2,27.9,31.9,31.5,31.5,66,-17.2
301,New Mexico St.,CUSA,30,21-Sep,79,95,0.1067,43,47,28.9,23.7,27.7,33.4,23.2,37.5,43.5,47.2,27.7,31.1,24.1,34.4,70.7,-18.2
302,Northeastern,CAA,29,22-Jul,85,102.7,0.1017,43.3,48.2,25.4,22.5,33.4,33.7,30.8,29.5,43.3,47.7,28.8,32.7,26.7,36.4,67.8,-20.7
303,Portland St.,BSky,31,25-Jun,87.7,106.5,0.0971,42.6,48.9,24.1,18.4,29.8,34.9,34.2,26.7,43.9,48.8,26.3,32.8,29,30.4,69.1,-21.7
304,Milwaukee,Horz,32,24-Aug,85.2,103.5,0.097,45.1,47.4,23.8,17.7,25.7,28,28.9,32.3,42.7,47.7,32.7,31.3,37.9,38.9,67.1,-21.5
305,Winthrop,BSth,32,15-17,83.8,102.1,0.0938,44,50.1,24.3,27.6,30.6,36.7,33.7,30.5,45.4,48.2,26.8,35.4,27.1,38.8,71,-13.5
306,Detroit Mercy,Horz,31,24-Jul,84.6,103.1,0.0938,42.6,50.6,22.5,22.1,29.3,30.6,32,32.2,43.7,51.3,26.7,32.8,29.8,35,70.8,-20.8
307,Bucknell,Pat,30,19-Nov,78.8,96.1,0.0925,42.4,44.7,23,21.6,22.7,32.3,22.4,25.1,43.4,44.8,27,29.6,37.3,35.9,63.4,-16.7
308,Marist,MAAC,31,20-Nov,81.9,100.4,0.0878,42.6,46.1,23.7,21.8,25.2,34,26,24.8,39.3,45.8,32.3,31.1,36.1,33,67.4,-17.1
309,Grambling St.,SWAC,32,13-19,77.6,95.2,0.0877,38.1,44.7,25.3,29.8,36.7,37.3,32.2,40,39.6,43.6,22.9,31.8,28.3,27.6,71.8,-16.7
310,Eastern Illinois,OVC,31,27-Apr,80.9,99.3,0.086,40.9,48.7,24.4,19.6,25.1,31.8,25.1,30.8,39.4,47.9,29,33.6,36.4,30.3,69,-22.7
311,San Jose St.,MWC,32,28-Apr,78.5,96.5,0.0855,39.1,46,25.5,19.7,23.8,36.9,28.3,24.2,37.5,44.6,27.4,32,44.8,41.8,72,-22.8
312,Tennessee St.,OVC,29,24-May,80.7,99.3,0.0838,41.2,48.7,27.3,21.5,29.1,34.7,32.4,33.8,40.6,46.9,28.5,34.8,28.7,32.9,73.7,-20.5
313,Louisiana,SB,31,26-May,80.5,100,0.0765,37.8,48.9,25.8,23.7,31.6,39.1,27.2,30.3,38.3,49.7,23.7,31.8,21.3,40.5,69.9,-22.4
314,Houston Christian,Slnd,29,21-Aug,77.4,96.1,0.0765,42.8,46.8,27.5,24.5,28.6,33.8,31.1,30.2,45.3,46.6,26,31.4,38.5,35,68.2,-18.3
315,Buffalo,MAC,30,27-Mar,79.8,99.2,0.076,40.8,48,28.3,22.7,35.8,33.5,26.6,30,42.4,49.5,24.6,30,28.4,33.4,72,-23.5
316,North Dakota,Sum,31,24-Jul,80.8,100.5,0.0748,43.7,49.3,27.5,16.5,19.3,27,31.8,25.4,47.7,46.2,26.2,37.1,47.6,32.5,71.4,-19.7
317,Long Beach St.,BW,30,25-May,82.1,102.3,0.0737,41.5,48.4,26.3,18.5,26.6,32.5,26.8,26.6,41,49.6,28.2,30.9,36.5,38.3,68.8,-21.3
318,Dartmouth,Ivy,27,17-Oct,83.6,104.3,0.0729,40.8,48.7,25.1,19,28.8,38.6,26.6,15.2,40.2,48.9,27.8,32.3,38.9,34.1,64.7,-13.7
319,Queens,ASun,30,20-Oct,79.6,99.6,0.0707,40.7,48.8,24.4,22.8,28.2,31.7,26.1,30.5,38,49.5,30.2,31.5,36.8,32.7,69.3,-17.2
320,Cal Poly,BW,30,26-Apr,81.2,101.6,0.07,41.2,49.8,28.5,18.9,26.8,33.3,30.4,34.9,41.3,51.1,27.4,31.9,28.5,40.1,69.2,-21.1
321,Seattle,WCC,30,25-May,82.8,103.8,0.0691,41.4,50.5,24.6,18.9,23.3,35.4,24.5,25.4,42,49.9,26.9,34.5,35.1,31.9,71.7,-21.2
322,Alabama St.,SWAC,32,17-15,76.6,96.1,0.0689,41.7,42.2,31.4,23.6,37.3,33.3,34,39.6,42.3,41,26.6,29.9,25.6,30.6,72.4,-10.3
323,Alcorn St.,SWAC,30,17-13,74.8,94.1,0.0669,40.8,43.4,26.8,26.4,29.1,36.8,27.9,34.1,40.4,44.9,27.7,27.1,34.7,34.3,66.9,-9.2
324,Mercyhurst,NEC,31,15-16,90.3,113.8,0.0656,46.9,54.4,21.7,24.6,26.7,39.1,27.5,28.6,44.3,54.5,33,36.1,49.3,29.7,67.7,-12.2
325,American,Pat,30,23-Jul,80.6,102.5,0.0591,42,48.2,22.5,18.9,26.3,30.2,23.8,20.5,42.4,49.2,27.6,30.9,40.8,34,67.4,-21.2
326,UNC Asheville,BSth,30,18-Dec,76.7,97.7,0.0586,40.6,43.2,30.4,24.4,38.1,33,33.5,34,40.7,44.3,27,27.1,31.9,31,69,-17.4
327,Colgate,Pat,31,24-Jul,77.7,98.9,0.0585,39.4,46.4,24.5,19.7,30.1,32.1,20,26.6,39.1,48,26.7,29,33.1,34.4,66.2,-21.5
328,Hampton,CAA,31,21-Oct,81.8,104.7,0.0559,40.8,46.6,21.4,23.9,29.9,40.3,23,25.6,39.8,47.4,28.4,30,36,29.9,67.1,-19.8
329,UNC Wilmington,CAA,31,24-Jul,80.7,103.3,0.0549,43.8,46.8,28,21.2,29.3,38.3,29.4,26.5,42.4,46.4,31,31.7,33.8,32.6,68.7,-22.1
330,North Carolina Central,MEAC,29,20-Sep,73.7,94.5,0.0544,38.9,44.3,28.6,27.8,28.4,34.1,39.2,45.4,36.4,42.4,30.8,32.4,25.8,30.9,76.2,-16.4
331,Southeastern Louisiana,Slnd,29,24-May,84,108.2,0.0517,40.6,50.5,22.4,21.9,29.1,43,25.3,27.4,38.4,54.2,29.8,29.6,35.4,37.8,66.5,-20.1
332,Gardner Webb,BSth,31,19-Dec,76.7,99.2,0.0493,44,47.6,26.9,29.6,28.3,41.1,22.4,29.9,41.8,48.2,31.5,31.2,41.6,44.1,65.9,-17.5
333,Wagner,NEC,30,13-17,72.1,93.5,0.048,40.1,43.3,26.5,28,30.7,33.9,32.6,38.1,41.3,41.9,24,30.5,23.7,35.5,69.6,-14.8
334,Stonehill,NEC,30,18-Dec,80.7,104.9,0.0468,44.1,48.3,26.3,20.7,34.1,30.9,24.1,23.8,44.6,48.3,28.8,32.1,31.3,31.5,66.8,-15.9
335,Nebraska Omaha,Sum,33,27-Jun,79.4,103.3,0.0466,39.1,51.4,28.2,17.5,27.6,35.7,24.3,31.3,36,52.4,28.8,33.3,42.7,38.7,67.9,-21.8
336,Rider,MAAC,29,22-Jul,75.9,98.7,0.0462,40.9,43.9,25.6,22.3,30.1,33,19.4,30.9,43.3,42.7,25,30.7,40.6,34.9,65.9,-20.6
337,Jackson St.,SWAC,31,19-Dec,76.7,100.3,0.044,39.8,46.5,27.1,22.8,36.2,30.5,28.1,37.3,36.8,47.8,30.5,29.2,33.3,32.1,66.6,-15.4
338,Texas A&M Corpus Chris,Slnd,29,23-Jun,77.6,101.6,0.043,42.7,44.8,30.6,18.4,32,34.2,34.6,33.5,42.3,43.4,29,31.6,37.3,36.9,66.8,-20.5
339,Arkansas Pine Bluff,SWAC,31,15-16,82.2,108.2,0.0404,42.2,47,26.1,24.9,33.9,37.4,34.8,32.1,41.8,49,28.7,28.9,28.1,34.3,68.5,-13.9
340,Florida A&M,SWAC,31,22-Sep,80.7,107.2,0.0368,37.9,46,25.2,24.3,33,39.4,36.6,39.2,39,45.1,23,32.2,22.8,28.6,69.8,-20
341,Delaware St.,MEAC,30,23-Jul,76.2,101.3,0.0366,40.7,46.2,28.5,25.2,26.9,34.5,29.1,41.6,39.6,45.3,29.3,32.4,25.6,28.9,68.1,-20.8
342,USC Upstate,BSth,32,20-Dec,76.7,102.1,0.0361,43.7,45.2,33.5,18.5,36.9,29.4,24.3,27.3,41.2,43.8,32.6,31.5,32.2,41,66.1,-17.1
343,Canisius,MAAC,29,24-May,77.1,102.9,0.0353,43.6,46.4,34.2,19.7,35.5,35.5,34.1,25.7,44.5,47.8,27.7,28.8,30.3,30.4,67.2,-20.6
344,Chicago St.,NEC,32,23-Sep,80.8,107.8,0.0349,43,48.9,24.4,24.2,28.4,38.4,31.9,37.9,43.8,50.4,27.2,30.7,27.4,34.4,72.9,-20.3
345,Charleston Southern,BSth,30,22-Aug,81.8,109.3,0.0344,44.9,47.7,23.5,18.3,22.9,35.4,23.4,26,42.1,45.9,32.1,34,46.7,34,69,-18.4
346,Saint Peter's,MAAC,30,23-Jul,75.8,101.5,0.0337,38.8,47.2,24.9,23.8,26.9,37.8,27.2,25.4,37.9,45.8,26.9,32.9,37.6,42,64.8,-21
347,Morgan St.,MEAC,31,26-May,80.5,108.2,0.0321,38.5,49,27.2,22.2,25.6,40.2,35.4,33.8,36.2,51.7,29.7,29,27.5,32.7,67.6,-22
348,UMass Lowell,AE,29,21-Aug,80.1,107.9,0.0314,41,49.9,26.4,19.6,30.9,38.1,21.7,24.2,42.7,48.7,26,35.1,44.7,31.7,65.1,-19.4
349,New Haven,NEC,29,22-Jul,77.6,105.2,0.0293,42.1,47,27.3,22.1,35.9,31.3,24.4,26.7,41.4,45.8,29.2,32.6,31.3,39.3,64.4,-20.9
350,Le Moyne,NEC,33,21-Dec,78.8,108.1,0.0257,43.2,48.1,27.1,18,28.9,33.2,26.9,25,40.6,48.2,31.6,32,38.4,39.1,66.1,-17.7
351,New Orleans,Slnd,30,27-Mar,78.1,107.3,0.0254,38.7,50.5,25.3,22.5,30.7,40,29.4,29.8,39.2,49.7,25,34.7,30.9,36.4,75.7,-23.6
352,Bethune Cookman,SWAC,33,26-Jul,76.8,105.8,0.0244,38.9,46.1,29.9,24.1,33.4,37,34.9,40.4,37.5,46.9,28.6,29.6,25.5,30.7,67.1,-23.1
353,Texas Southern,SWAC,31,21-Oct,79.2,109.2,0.0242,40.5,46,26.6,22,32.7,37.8,37.2,38.2,42.6,45.9,24.4,30.7,35.1,28.4,73.1,-17.2
354,Western Carolina,SC,29,26-Mar,75.6,104.8,0.023,39,49.3,29.8,22.4,28.9,35.4,33.3,30.5,37.9,47.3,27.3,35.1,34.6,37.1,68.3,-23.4
355,Valparaiso,MVC,32,0-32,73.8,103.3,0.0205,37.7,49.6,24.7,16.5,23.1,33.2,25.7,30.3,37.7,48.5,25,34.6,39,34.3,73.7,-29.1
356,Mississippi Valley St.,SWAC,31,23-Aug,74.5,107,0.0155,37.6,45.6,28,22.7,33,39.3,38.1,39,39.2,44.7,22.8,31.9,31.2,29,75.2,-19.7
357,Saint Francis,NEC,30,27-Mar,74.4,108.5,0.0128,40,48.3,24.9,20.6,29,33.3,25.5,30.3,40.4,50.1,26.3,29.9,34.9,35.2,70.5,-26
358,Central Connecticut,NEC,29,27-Feb,73.7,110.2,0.0096,37.7,49.9,24,21.7,24.3,35.1,27.1,31.3,38.4,50.9,23.5,32.2,23.5,39.3,70.1,-25
359,Niagara,MAAC,29,28-Jan,70.1,105.8,0.0087,36.1,52.5,31.1,28,30,42.9,28.6,35,35.1,52.3,25.9,35.3,27.6,31.8,74.1,-24.7
360,South Carolina St.,MEAC,30,25-May,68.1,106,0.0061,36.7,47.2,28.9,24.7,25.5,40.4,24.2,38.1,35.9,46.3,25.8,32.7,30.6,34,70.9,-22.7
361,Presbyterian,BSth,30,27-Mar,71.6,113.3,0.0051,36.4,53.9,30.1,23.9,31.7,37.1,32.8,40.1,37.2,54.1,22.8,35.6,26.1,29.4,68.9,-25.4
362,Prairie View A&M,SWAC,30,28-Feb,67.8,109,0.0042,37.2,45,26.6,21.7,23.2,44.4,30.6,30.8,36.8,47,25.4,26.4,35.8,27.6,73.4,-25.1
363,Bellarmine,ASun,32,Feb-30,71.4,115.7,0.0039,36.1,52.5,28.8,17.1,21.2,39.7,29.9,24.4,34.5,55.2,26,32.9,36.6,44.7,69.6,-24.7
